DEPTH,NPHI,RHOB,SGR(=GR),COREFACIES,PHIH,PHIV,MARKERS,PHIE,SWE,VSH,POTA,LOGKH,LOGKV
3167.0,0.29,2.63,102.621,0.0,,,,,,0.923,0.289,,
3167.2,0.305,2.617,104.072,0.0,,,,0.0,1.0,0.98,0.306,,
3167.4,0.312,2.608,105.524,0.0,,,,0.0,1.0,0.991,0.303,,
3167.6,0.311,2.61,104.631,0.0,,,,0.0,1.0,0.947,0.298,,
3167.8,0.31,2.614,102.011,0.0,,,,0.0,1.0,0.944,0.292,,
3168.0,0.306,2.617,102.358,0.0,,,,0.0,1.0,0.933,0.287,,
3168.2,0.301,2.615,102.705,0.0,,,,0.0,1.0,0.927,0.289,,
3168.4,0.296,2.613,104.64,0.0,,,,0.0,1.0,0.914,0.29,,
3168.6,0.292,2.608,104.676,0.0,,,,0.01,1.0,0.902,0.292,,
3168.8,0.292,2.599,102.98,0.0,,,,0.24,1.0,0.898,0.291,,
3169.0,0.295,2.597,101.848,0.0,,,,0.27,1.0,0.91,0.29,,
3169.2,0.315,2.596,102.034,0.0,,,,0.0,1.0,0.958,0.294,,
3169.4,0.321,2.595,105.365,0.0,,,,0.0,1.0,0.977,0.302,,
3169.6,0.32,2.593,107.663,0.0,,,,0.0,1.0,0.968,0.309,,
3169.8,0.305,2.6,107.776,0.0,,,,0.12,1.0,0.936,0.302,,
3170.0,0.283,2.628,102.661,0.0,,,,0.0,1.0,0.873,0.295,,
3170.2,0.269,2.725,87.329,0.0,,,,0.0,1.0,0.814,0.272,,
3170.4,0.273,2.794,85.98,0.0,,,,0.0,1.0,0.833,0.285,,
3170.6,0.274,2.735,95.849,0.0,,,,0.0,1.0,0.839,0.297,,
3170.8,0.276,2.676,97.656,0.0,,,,0.0,1.0,0.845,0.304,,
3171.0,0.294,2.634,99.951,0.0,,,,0.0,1.0,0.91,0.311,,
3171.2,0.321,2.595,102.467,0.0,,,,1.32,0.918,0.916,0.316,,
3171.4,0.341,2.568,107.275,0.0,,,,2.52,0.851,0.916,0.32,,
3171.6,0.349,2.543,109.602,0.0,,,,2.52,0.851,0.916,0.318,,
3171.8,0.333,2.552,108.355,0.0,,,,2.51,0.851,0.916,0.316,,
3172.0,0.314,2.562,106.694,0.0,,,,2.36,0.871,0.897,0.313,,
3172.2,0.294,2.578,104.353,26.0,,,,1.44,0.935,0.882,0.31,,
3172.4,0.302,2.595,101.451,26.0,,,,0.31,1.0,0.928,0.307,,
3172.6,0.309,2.603,100.758,26.0,,,,0.03,1.0,0.943,0.304,,
3172.8,0.31,2.611,100.065,26.0,,,,0.0,1.0,0.947,0.305,,
3173.0,0.309,2.62,101.105,26.0,,,,0.0,1.0,0.941,0.305,,
3173.2,0.309,2.633,102.615,26.0,,,,0.0,1.0,0.942,0.306,,
3173.4,0.309,2.638,103.232,26.0,,,,0.0,1.0,0.942,0.306,,
3173.6,0.307,2.612,103.559,26.0,,,,0.0,1.0,0.939,0.306,,
3173.8,0.305,2.599,105.18,26.0,,,,0.15,1.0,0.938,0.305,,
3174.0,0.303,2.599,105.143,26.0,,,,0.17,1.0,0.933,0.298,,
3174.2,0.302,2.598,105.105,26.0,,,,0.19,1.0,0.928,0.292,,
3174.4,0.298,2.599,103.77,26.0,,,,0.2,1.0,0.918,0.285,,
3174.6,0.303,2.6,103.076,26.0,,,,0.14,1.0,0.931,0.279,,
3174.8,0.308,2.603,106.32,26.0,,,,0.05,1.0,0.939,0.274,,
3175.0,0.312,2.591,107.076,26.0,,,,0.56,0.997,0.937,0.269,,
3175.2,0.316,2.579,107.216,26.0,,,,1.25,0.954,0.933,0.269,,
3175.4,0.325,2.567,107.356,26.0,,,,1.59,0.927,0.947,0.269,,
3175.6,0.325,2.567,107.496,26.0,,,,1.6,0.919,0.947,0.27,,
3175.8,0.325,2.577,107.528,26.0,,,,0.0,1.0,0.957,0.271,,
3176.0,0.313,2.581,105.752,26.0,,,,1.2,0.928,0.922,0.272,,
3176.2,0.302,2.588,102.486,26.0,,,,1.05,0.934,0.902,0.275,,
3176.4,0.308,2.592,100.009,26.0,,,,1.4,0.914,0.884,0.278,,
3176.6,0.322,2.583,102.048,26.0,,,,2.71,0.842,0.866,0.281,,
3176.8,0.339,2.565,104.44,26.0,,,,3.92,0.783,0.869,0.279,,
3177.0,0.339,2.544,106.832,26.0,,,,3.82,0.788,0.873,0.276,,
3177.2,0.34,2.543,106.246,26.0,,,,3.21,0.816,0.893,0.273,,
3177.4,0.338,2.552,105.855,26.0,,,,2.58,0.848,0.914,0.266,,
3177.6,0.337,2.562,105.464,26.0,,,,0.0,1.0,0.969,0.259,,
3177.8,0.337,2.557,105.939,26.0,,,,0.0,1.0,0.972,0.252,,
3178.0,0.337,2.545,105.163,26.0,,,,0.0,1.0,0.954,0.247,,
3178.2,0.334,2.546,104.386,0.0,,,,1.59,1.0,0.947,0.242,,
3178.4,0.331,2.568,100.56,0.0,,,,0.0,1.0,0.969,0.232,,
3178.6,0.298,2.561,88.923,0.0,,,,2.49,0.999,0.863,0.222,,
3178.8,0.228,2.525,69.461,0.0,,,,5.29,0.984,0.586,0.159,,
3179.0,0.145,2.476,53.264,0.0,10.5,,1.0,8.95,1.0,0.255,0.102,0.0,
3179.2,0.139,2.44,36.291,0.0,,,,11.22,0.864,0.182,0.087,,
3179.4,0.162,2.388,27.612,0.0,,,,14.44,0.6,0.152,0.071,,
3179.5,,,,,25.1,18.1,,,,,,2.876,1.615
3179.6,0.19,2.329,27.709,0.0,,,,17.64,0.399,0.159,0.075,,
3179.8,0.21,2.271,29.217,0.0,,,,21.08,0.268,0.117,0.079,,
3180.0,0.218,2.24,30.164,0.0,24.5,,,22.94,0.203,0.09,0.083,2.732,
3180.2,0.22,2.225,31.111,0.0,,,,23.81,0.165,0.073,0.084,,
3180.4,0.222,2.215,33.378,0.0,,,,24.4,0.149,0.064,0.086,,
3180.5,,,,,23.1,,,,,,,2.535,
3180.6,0.221,2.221,32.682,0.0,,,,24.06,0.145,0.071,0.087,,
3180.8,0.221,2.227,31.986,0.0,,,,23.72,0.14,0.078,0.087,,
3181.0,0.22,2.234,31.992,0.0,24.8,,,23.28,0.136,0.088,0.091,2.722,
3181.2,0.218,2.237,31.998,0.0,,,,23.08,0.135,0.083,0.096,,
3181.4,0.215,2.241,31.661,0.0,,,,22.88,0.134,0.078,0.094,,
3181.5,,,,,24.8,23.3,,,,,,2.744,2.554
3181.6,0.209,2.246,31.324,0.0,,,,22.65,0.137,0.073,0.093,,
3181.8,0.204,2.25,32.275,0.0,,,,22.41,0.139,0.065,0.092,,
3182.0,0.202,2.255,33.226,0.0,20.6,,,22.14,0.137,0.067,0.096,2.352,
3182.2,0.197,2.259,33.512,0.0,,,,21.94,0.136,0.062,0.101,,
3182.4,0.192,2.262,34.049,0.0,,,,21.74,0.131,0.054,0.106,,
3182.5,,,,,22.4,,,,,,,2.659,
3182.6,0.17,2.277,30.559,0.0,,,,21.04,0.132,0.008,0.104,,
3182.8,0.136,2.291,26.92,0.0,,,,19.24,0.137,0.0,0.103,,
3183.0,0.127,2.314,27.599,0.0,16.6,,,18.08,0.133,0.0,0.101,3.117,
3183.2,0.136,2.332,28.278,0.0,,,,17.87,0.128,0.0,0.108,,
3183.4,0.147,2.327,30.482,0.0,,,,18.15,0.123,0.018,0.114,,
3183.5,,,,,16.2,15.8,,,,,,2.819,1.272
3183.6,0.157,2.307,31.368,0.0,,,,19.3,0.111,0.016,0.12,,
3183.8,0.17,2.286,33.297,0.0,,,,20.49,0.1,0.023,0.14,,
3184.0,0.179,2.264,35.547,0.0,25.5,,,21.7,0.092,0.02,0.161,2.843,
3184.2,0.185,2.24,38.797,0.0,,,,23.14,0.085,0.002,0.184,,
3184.4,0.192,2.23,41.555,0.0,,,,23.73,0.08,0.003,0.188,,
3184.5,,,,,22.8,,,,,,,2.883,
3184.6,0.195,2.229,44.313,0.0,,,,23.78,0.075,0.009,0.192,,
3184.8,0.198,2.228,44.143,0.0,,,,23.83,0.07,0.015,0.196,,
3185.0,0.201,2.232,43.973,0.0,23.5,,,23.56,0.065,0.028,0.197,2.872,
3185.2,0.204,2.236,44.18,0.0,,,,23.28,0.061,0.043,0.198,,
3185.4,0.207,2.238,44.387,0.0,,,,23.15,0.06,0.054,0.199,,
3185.5,,,,,21.2,21.0,,,,,,2.6,2.201
3185.6,0.207,2.24,44.594,0.0,,,,23.03,0.062,0.058,0.2,,
3185.8,0.208,2.236,45.881,0.0,,,,23.23,0.064,0.053,0.196,,
3186.0,0.207,2.233,47.331,0.0,23.4,,,23.44,0.063,0.046,0.192,2.839,
3186.2,0.206,2.237,45.686,0.0,,,,23.17,0.067,0.05,0.188,,
3186.4,0.206,2.257,45.072,0.0,,,,21.97,0.074,0.081,0.183,,
3186.5,,,,,18.1,,,,,,,2.173,
3186.6,0.203,2.277,44.457,0.0,,,,20.78,0.08,0.104,0.177,,
3186.8,0.2,2.291,44.527,0.0,,,,19.9,0.086,0.121,0.17,,
3187.0,0.199,2.286,44.597,0.0,19.9,,,20.23,0.09,0.112,0.164,2.318,
3187.2,0.199,2.285,44.667,0.0,,,,20.3,0.095,0.109,0.163,,
3187.4,0.199,2.284,43.908,0.0,,,,20.38,0.1,0.107,0.163,,
3187.5,,,,,20.6,21.0,,,,,,2.423,2.26
3187.6,0.198,2.297,41.569,0.0,,,,19.54,0.103,0.126,0.157,,
3187.8,0.183,2.311,36.423,0.0,,,,18.8,0.105,0.108,0.151,,
3188.0,0.143,2.325,28.522,0.0,19.7,,,18.29,0.114,0.005,0.122,2.766,
3188.2,0.119,2.339,22.296,0.0,,,,16.85,0.111,0.0,0.09,,
3188.4,0.109,2.35,20.214,0.0,,,,15.96,0.097,0.0,0.074,,
3188.5,,,,,15.2,,,,,,,3.733,
3188.6,0.099,2.362,19.909,0.0,,,,15.09,0.093,0.0,0.074,,
3188.8,0.089,2.365,19.603,0.0,,,,14.52,0.082,0.0,0.074,,
3189.0,0.085,2.365,19.298,0.0,14.9,,,14.32,0.062,0.0,0.074,3.524,
3189.2,0.082,2.366,21.783,0.0,,,,14.12,0.057,0.0,0.077,,
3189.4,0.084,2.366,24.269,0.0,,,,14.25,0.054,0.0,0.08,,
3189.5,,,,,14.4,14.1,,,,,,3.334,1.19
3189.6,0.102,2.356,26.755,0.0,,,,15.44,0.054,0.0,0.099,,
3189.8,0.119,2.342,30.958,0.0,,,,16.76,0.063,0.0,0.119,,
3190.0,0.136,2.327,35.162,0.0,18.8,,,18.0,0.061,0.0,0.151,2.948,
3190.2,0.152,2.313,38.472,0.0,,,,18.95,0.06,0.012,0.159,,
3190.4,0.168,2.298,39.886,0.0,,,,19.72,0.07,0.036,0.167,,
3190.5,,,,,21.4,,,,,,,2.719,
3190.6,0.153,2.295,37.548,0.0,,,,19.78,0.085,0.0,0.152,,
3190.8,0.133,2.311,30.487,0.0,,,,18.46,0.106,0.0,0.122,,
3191.0,0.119,2.331,28.713,0.0,16.0,,,17.15,0.121,0.0,0.121,3.571,
3191.2,0.127,2.334,31.998,0.0,,,,17.4,0.131,0.0,0.12,,
3191.4,0.123,2.342,33.038,0.0,,,,16.91,0.14,0.0,0.124,,
3191.5,,,,,22.1,21.3,,,,,,2.675,2.041
3191.6,0.118,2.349,34.492,0.0,,,,16.45,0.139,0.0,0.128,,
3191.8,0.116,2.357,35.945,0.0,,,,16.12,0.133,0.0,0.139,,
3192.0,0.135,2.366,40.972,0.0,18.3,,,15.81,0.129,0.048,0.15,2.748,
3192.2,0.159,2.361,45.998,0.0,,,,15.92,0.125,0.11,0.161,,
3192.4,0.187,2.345,50.213,0.0,,,,17.17,0.114,0.144,0.191,,
3192.5,,,,,21.8,,,,,,,2.477,
3192.6,0.191,2.328,50.814,0.0,,,,17.91,0.111,0.145,0.199,,
3192.8,0.196,2.293,50.197,0.0,,,,19.85,0.105,0.113,0.206,,
3193.0,0.199,2.26,49.693,0.0,22.3,,,21.84,0.1,0.07,0.206,2.724,
3193.2,0.203,2.249,48.548,0.0,,,,22.46,0.096,0.061,0.206,,
3193.4,0.206,2.248,47.403,0.0,,,,22.54,0.094,0.066,0.206,,
3193.5,,,,,23.1,20.8,,,,,,2.702,2.097
3193.6,0.207,2.252,48.462,0.0,,,,22.26,0.093,0.076,0.207,,
3193.8,0.207,2.257,48.846,0.0,,,,21.97,0.093,0.086,0.209,,
3194.0,0.201,2.268,49.229,0.0,19.9,,,21.3,0.095,0.088,0.21,2.288,
3194.2,0.195,2.28,48.376,0.0,,,,20.63,0.108,0.091,0.207,,
3194.4,0.189,2.294,47.522,0.0,,,,19.82,0.116,0.096,0.204,,
3194.5,,,,,20.5,,,,,,,2.728,
3194.6,0.185,2.308,46.668,0.0,,,,19.0,0.12,0.109,0.2,,
3194.8,0.181,2.323,43.44,0.0,,,,18.08,0.123,0.122,0.197,,
3195.0,0.173,2.321,39.467,0.0,19.7,,,18.3,0.12,0.09,0.191,2.117,
3195.2,0.165,2.302,40.215,0.0,,,,19.54,0.113,0.033,0.189,,
3195.4,0.164,2.274,42.419,0.0,,,,21.02,0.1,0.0,0.198,,
3195.5,,,,,22.7,23.1,,,,,,2.821,2.774
3195.6,0.18,2.247,44.624,0.0,,,,22.7,0.086,0.0,0.214,,
3195.8,0.186,2.215,46.828,0.0,,,,24.08,0.062,0.0,0.231,,
3196.0,0.193,2.213,50.067,0.0,23.9,,,24.4,0.05,0.0,0.242,2.951,
3196.2,0.2,2.217,51.067,0.0,,,,24.5,0.041,0.002,0.253,,
3196.4,0.208,2.219,51.12,0.0,,,,24.29,0.034,0.025,0.254,,
3196.5,,,,,22.8,,,,,,,2.864,
3196.6,0.206,2.221,51.323,0.0,,,,24.16,0.034,0.024,0.255,,
3196.8,0.199,2.224,51.526,0.0,,,,24.05,0.035,0.012,0.256,,
3197.0,0.192,2.226,49.804,0.0,24.0,,,23.93,0.036,0.0,0.244,3.053,
3197.2,0.185,2.228,45.41,0.0,,,,23.59,0.037,0.0,0.231,,
3197.4,0.183,2.23,44.818,0.0,,,,23.45,0.036,0.0,0.219,,
3197.5,,,,,22.0,22.1,,,,,,2.889,2.838
3197.6,0.181,2.232,43.511,0.0,,,,23.28,0.036,0.0,0.213,,
3197.8,0.186,2.234,43.436,0.0,,,,23.37,0.036,0.0,0.207,,
3198.0,0.19,2.237,43.361,0.0,20.8,,,23.32,0.035,0.009,0.201,2.708,
3198.2,0.188,2.241,42.577,0.0,,,,23.08,0.035,0.008,0.199,,
3198.4,0.183,2.245,41.793,0.0,,,,22.86,0.036,0.001,0.197,,
3198.5,,,,,21.4,,,,,,,2.744,
3198.6,0.184,2.249,41.429,0.0,,,,22.6,0.037,0.01,0.197,,
3198.8,0.184,2.256,41.065,0.0,,,,22.15,0.037,0.024,0.198,,
3199.0,0.184,2.256,41.541,0.0,20.2,,,22.16,0.037,0.023,0.199,2.7,
3199.2,0.184,2.251,42.016,0.0,,,,22.5,0.038,0.013,0.199,,
3199.4,0.183,2.245,40.975,0.0,,,,22.84,0.04,0.003,0.198,,
3199.5,,,,,21.3,20.8,,,,,,2.747,2.456
3199.6,0.183,2.247,39.933,0.0,,,,22.73,0.039,0.004,0.197,,
3199.8,0.184,2.249,39.807,0.0,,,,22.6,0.038,0.011,0.197,,
3200.0,0.185,2.251,39.681,0.0,22.5,,,22.48,0.037,0.017,0.198,2.941,
3200.2,0.183,2.251,39.707,23.0,,,,22.51,0.036,0.009,0.198,,
3200.4,0.18,2.25,39.733,23.0,,,,22.56,0.034,0.001,0.199,,
3200.5,,,,,20.4,,,,,,,2.687,
3200.6,0.18,2.245,39.73,23.0,,,,22.74,0.034,0.0,0.198,,
3200.8,0.179,2.243,39.727,23.0,,,,22.77,0.034,0.0,0.197,,
3201.0,0.178,2.241,39.649,23.0,21.8,,,22.83,0.034,0.0,0.197,2.772,
3201.2,0.178,2.234,39.571,23.0,,,,23.06,0.033,0.0,0.196,,
3201.4,0.179,2.233,39.493,23.0,,,,23.12,0.033,0.0,0.195,,
3201.5,,,,,21.6,22.0,,,,,,2.833,2.23
3201.6,0.179,2.233,40.292,23.0,,,,23.15,0.034,0.0,0.202,,
3201.8,0.179,2.232,41.228,23.0,,,,23.18,0.035,0.0,0.209,,
3202.0,0.176,2.231,40.947,23.0,21.9,,,23.04,0.035,0.0,0.206,2.822,
3202.2,0.173,2.23,40.665,23.0,,,,22.94,0.036,0.0,0.203,,
3202.4,0.17,2.232,41.272,23.0,,,,22.71,0.038,0.0,0.201,,
3202.5,,,,,22.0,,,,,,,2.787,
3202.6,0.169,2.234,41.878,23.0,,,,22.59,0.041,0.0,0.198,,
3202.8,0.168,2.234,41.826,23.0,,,,22.54,0.039,0.0,0.201,,
3203.0,0.167,2.234,41.773,23.0,20.4,,,22.48,0.044,0.0,0.205,2.76,
3203.2,0.166,2.234,40.951,23.0,,,,22.43,0.053,0.0,0.204,,
3203.4,0.169,2.234,41.485,23.0,,,,22.59,0.053,0.0,0.203,,
3203.5,,,,,22.4,22.0,,,,,,3.185,3.041
3203.6,0.172,2.234,42.019,23.0,,,,22.76,0.051,0.0,0.203,,
3203.8,0.176,2.235,41.583,23.0,,,,22.89,0.05,0.0,0.203,,
3204.0,0.181,2.236,41.147,23.0,22.9,,,23.1,0.049,0.0,0.2,3.212,
3204.2,0.185,2.236,40.711,23.0,,,,23.28,0.047,0.0,0.198,,
3204.4,0.185,2.237,40.431,23.0,,,,23.26,0.045,0.0,0.196,,
3204.5,,,,,21.5,,,,,,,2.925,
3204.6,0.186,2.241,40.151,23.0,,,,23.11,0.046,0.002,0.194,,
3204.8,0.186,2.244,40.104,23.0,,,,22.89,0.049,0.008,0.195,,
3205.0,0.185,2.246,40.057,23.0,21.1,,,22.78,0.05,0.009,0.196,2.869,
3205.2,0.184,2.242,40.01,0.0,,,,23.02,0.051,0.001,0.197,,
3205.4,0.184,2.234,39.805,0.0,,,,23.29,0.051,0.0,0.198,,
3205.5,,,,,23.2,24.4,,,,,,3.149,3.25
3205.6,0.183,2.233,39.599,0.0,,,,23.32,0.059,0.0,0.202,,
3205.8,0.181,2.236,40.672,0.0,,,,23.13,0.07,0.0,0.206,,
3206.0,0.179,2.238,41.745,0.0,19.7,,,22.96,0.087,0.0,0.21,2.685,
3206.2,0.177,2.24,42.672,0.0,,,,22.79,0.098,0.0,0.213,,
3206.4,0.177,2.236,43.599,0.0,,,,22.92,0.099,0.0,0.212,,
3206.5,,,,,22.2,,,,,,,2.874,
3206.6,0.178,2.233,42.246,0.0,,,,23.07,0.099,0.0,0.211,,
3206.8,0.18,2.232,42.465,0.0,,,,23.21,0.098,0.0,0.213,,
3207.0,0.183,2.231,42.683,0.0,22.1,,,23.36,0.097,0.0,0.215,2.941,
3207.2,0.182,2.236,43.2,0.0,,,,23.14,0.09,0.0,0.217,,
3207.4,0.181,2.241,43.717,0.0,,,,22.91,0.085,0.0,0.219,,
3207.5,,,,,18.6,20.7,,,,,,3.365,3.412
3207.6,0.18,2.25,44.234,0.0,,,,22.57,0.084,0.0,0.219,,
3207.8,0.179,2.258,45.664,0.0,,,,22.1,0.085,0.011,0.219,,
3208.0,0.179,2.259,47.094,0.0,17.9,,,22.03,0.085,0.012,0.223,,
3208.2,0.179,2.26,48.523,0.0,,,,21.97,0.085,0.012,0.227,,
3208.4,0.183,2.252,49.288,0.0,,,,22.45,0.084,0.011,0.231,,
3208.5,,,,,21.3,,,,,,,2.636,
3208.6,0.186,2.252,50.053,0.0,,,,22.4,0.084,0.021,0.229,,
3208.8,0.19,2.253,53.027,0.0,,,,22.34,0.085,0.033,0.227,,
3209.0,0.194,2.253,54.728,0.0,20.6,,,22.28,0.084,0.044,0.225,2.603,
3209.2,0.192,2.263,56.071,0.0,,,,21.67,0.086,0.057,0.221,,
3209.4,0.191,2.273,56.634,0.0,,,,21.06,0.089,0.069,0.219,,
3209.5,,,,,21.4,21.8,,,,,,2.795,2.939
3209.6,0.189,2.29,57.198,0.0,,,,20.06,0.093,0.091,0.211,,
3209.8,0.19,2.298,54.84,0.0,,,,19.57,0.096,0.107,0.203,,
3210.0,0.191,2.295,54.076,0.0,18.3,,,19.73,0.094,0.105,0.203,2.369,
3210.2,0.192,2.283,53.313,0.0,,,,20.46,0.092,0.088,0.205,,
3210.4,0.193,2.278,51.917,0.0,,,,20.74,0.09,0.083,0.206,,
3210.5,,,,,22.0,,,,,,,2.772,
3210.6,0.194,2.274,50.522,0.0,,,,21.02,0.089,0.079,0.205,,
3210.8,0.196,2.267,49.127,0.0,,,,21.43,0.085,0.071,0.204,,
3211.0,0.197,2.26,45.441,0.0,21.5,,,21.84,0.081,0.063,0.202,2.667,
3211.2,0.197,2.255,43.829,0.0,,,,22.17,0.074,0.054,0.196,,
3211.4,0.197,2.253,44.52,0.0,,,,22.31,0.071,0.05,0.191,,
3211.5,,,,,21.1,22.9,,,,,,2.582,1.997
3211.6,0.196,2.25,45.21,0.0,,,,22.45,0.073,0.046,0.195,,
3211.8,0.196,2.25,46.471,0.0,,,,22.46,0.075,0.043,0.199,,
3212.0,0.195,2.25,47.732,0.0,23.4,,,22.48,0.076,0.041,0.204,2.886,
3212.2,0.194,2.248,48.993,0.0,,,,22.59,0.077,0.036,0.209,,
3212.4,0.195,2.243,49.16,0.0,,,,22.89,0.077,0.03,0.215,,
3212.5,,,,,22.2,,,,,,,2.732,
3212.6,0.196,2.242,49.326,0.0,,,,22.94,0.078,0.031,0.216,,
3212.8,0.196,2.241,49.34,0.0,,,,23.0,0.08,0.031,0.221,,
3213.0,0.196,2.24,49.355,0.0,21.8,,,23.06,0.083,0.03,0.226,2.747,
3213.2,0.197,2.244,49.626,0.0,,,,22.84,0.087,0.037,0.231,,
3213.4,0.197,2.247,49.897,0.0,,,,22.62,0.093,0.044,0.237,,
3213.5,,,,,23.7,23.1,,,,,,2.814,2.78
3213.6,0.198,2.247,50.168,0.0,,,,22.66,0.098,0.045,0.242,,
3213.8,0.199,2.246,50.587,0.0,,,,22.71,0.103,0.045,0.249,,
3214.0,0.2,2.254,51.007,0.0,21.6,,,22.22,0.107,0.06,0.255,2.722,
3214.2,0.194,2.261,51.426,0.0,,,,21.78,0.107,0.057,0.258,,
3214.4,0.188,2.269,52.437,0.0,,,,21.35,0.111,0.053,0.26,,
3214.5,,,,,21.5,,,,,,,2.603,
3214.6,0.178,2.289,51.316,0.0,,,,20.2,0.117,0.054,0.253,,
3214.8,0.169,2.309,46.638,0.0,,,,19.09,0.124,0.054,0.23,,
3215.0,0.172,2.308,43.298,0.0,20.4,,,19.11,0.123,0.063,0.219,2.348,
3215.2,0.174,2.307,42.64,0.0,,,,19.14,0.122,0.071,0.218,,
3215.4,0.177,2.294,41.982,0.0,,,,19.92,0.118,0.059,0.218,,
3215.5,,,,,20.2,19.7,,,,,,2.328,2.045
3215.6,0.181,2.289,41.04,0.0,,,,20.21,0.116,0.063,0.221,,
3215.8,0.184,2.282,42.266,0.0,,,,20.57,0.113,0.065,0.225,,
3216.0,0.188,2.276,44.282,0.0,21.1,,,20.94,0.109,0.065,0.223,2.577,
3216.2,0.187,2.27,43.501,0.0,,,,21.34,0.106,0.05,0.221,,
3216.4,0.185,2.267,42.635,0.0,,,,21.52,0.108,0.042,0.219,,
3216.5,,,,,21.4,,,,,,,2.588,
3216.6,0.183,2.264,41.769,0.0,,,,21.71,0.108,0.032,0.218,,
3216.8,0.183,2.264,41.468,0.0,,,,21.71,0.109,0.03,0.215,,
3217.0,0.182,2.264,41.168,0.0,21.5,,,21.71,0.109,0.029,0.213,2.575,
3217.2,0.181,2.264,40.118,23.0,,,,21.71,0.109,0.027,0.209,,
3217.4,0.182,2.269,39.068,23.0,,,,21.38,0.11,0.036,0.206,,
3217.5,,,,,21.0,19.7,,,,,,2.53,1.754
3217.6,0.182,2.275,40.328,23.0,,,,21.06,0.111,0.046,0.21,,
3217.8,0.182,2.271,41.589,23.0,,,,21.3,0.11,0.04,0.214,,
3218.0,0.182,2.267,41.129,23.0,21.0,,,21.54,0.109,0.035,0.215,2.619,
3218.2,0.182,2.263,40.183,23.0,,,,21.78,0.108,0.028,0.216,,
3218.4,0.182,2.257,40.845,23.0,,,,22.1,0.108,0.02,0.217,,
3218.5,,,,,21.0,,,,,,,2.588,
3218.6,0.181,2.257,41.507,23.0,,,,22.17,0.108,0.014,0.219,,
3218.8,0.179,2.256,42.168,23.0,,,,22.24,0.109,0.007,0.222,,
3219.0,0.179,2.255,41.762,23.0,20.8,,,22.3,0.109,0.004,0.22,2.649,
3219.2,0.178,2.254,41.648,23.0,,,,22.34,0.11,0.001,0.219,,
3219.4,0.177,2.254,41.534,23.0,,,,22.33,0.111,0.0,0.217,,
3219.5,,,,,20.4,19.6,,,,,,2.534,2.107
3219.6,0.178,2.254,41.42,23.0,,,,22.37,0.112,0.001,0.216,,
3219.8,0.179,2.251,41.941,23.0,,,,22.49,0.112,0.0,0.217,,
3220.0,0.182,2.249,42.461,23.0,23.9,,,22.62,0.112,0.004,0.218,2.823,
3220.2,0.184,2.25,42.982,23.0,,,,22.56,0.113,0.012,0.218,,
3220.4,0.186,2.251,42.451,23.0,,,,22.49,0.114,0.019,0.218,,
3220.5,,,,,22.4,,,,,,,2.785,
3220.6,0.185,2.251,42.109,23.0,,,,22.46,0.116,0.018,0.217,,
3220.8,0.184,2.254,41.777,23.0,,,,22.32,0.117,0.018,0.211,,
3221.0,0.184,2.256,41.445,23.0,18.8,,,22.17,0.119,0.024,0.204,2.364,
3221.2,0.185,2.258,41.17,0.0,,,,22.03,0.12,0.029,0.2,,
3221.4,0.185,2.255,40.895,0.0,,,,22.26,0.12,0.023,0.197,,
3221.5,,,,,21.6,22.5,,,,,,2.668,2.642
3221.6,0.186,2.251,40.62,0.0,,,,22.5,0.12,0.018,0.193,,
3221.8,0.185,2.248,41.465,0.0,,,,22.66,0.12,0.013,0.199,,
3222.0,0.184,2.245,42.309,0.0,21.7,,,22.84,0.122,0.006,0.204,2.641,
3222.1,,,,,20.8,,,,,,,2.628,
3222.2,0.184,2.244,43.501,0.0,,,,22.89,0.124,0.003,0.21,,
3222.4,0.183,2.244,44.693,0.0,,,,22.92,0.128,0.0,0.216,,
3222.5,,,,,19.9,,,,,,,2.48,
3222.6,0.185,2.252,45.885,0.0,,,,22.45,0.133,0.018,0.221,,
3222.8,0.187,2.259,47.933,0.0,,,,21.96,0.139,0.034,0.226,,
3223.0,0.189,2.267,49.982,0.0,20.8,,,21.47,0.145,0.053,0.228,2.55,
3223.2,0.198,2.275,52.03,0.0,,,,20.93,0.149,0.09,0.229,,
3223.4,0.202,2.283,58.835,0.0,,,,20.43,0.156,0.112,0.225,,
3223.5,,,,,20.5,20.0,,,,,,2.318,1.867
3223.6,0.206,2.293,59.793,0.0,,,,19.78,0.163,0.138,0.22,,
3223.8,0.201,2.298,56.522,0.0,,,,19.51,0.17,0.134,0.22,,
3224.0,0.196,2.303,53.817,0.0,20.9,,,19.23,0.178,0.131,0.22,2.59,
3224.2,0.192,2.3,54.53,0.0,,,,19.42,0.184,0.115,0.235,,
3224.4,0.193,2.297,55.242,0.0,,,,19.56,0.188,0.114,0.25,,
3224.5,,,,,19.3,,,,,,,2.367,
3224.6,0.195,2.3,55.955,0.0,,,,19.41,0.192,0.122,0.259,,
3224.8,0.196,2.302,58.784,0.0,,,,19.26,0.196,0.129,0.268,,
3225.0,0.196,2.304,58.728,0.0,18.7,,,19.12,0.2,0.132,0.284,1.981,
3225.2,0.196,2.307,58.673,0.0,,,,18.99,0.205,0.135,0.287,,
3225.4,0.2,2.312,58.617,0.0,,,,18.66,0.209,0.153,0.29,,
3225.5,,,,,19.2,20.1,,,,,,1.956,1.502
3225.6,0.204,2.316,59.831,0.0,,,,18.33,0.218,0.171,0.294,,
3225.8,0.208,2.321,61.046,0.0,,,,18.0,0.227,0.191,0.294,,
3226.0,0.204,2.316,60.052,0.0,21.2,,,18.37,0.237,0.17,0.294,2.305,
3226.2,0.199,2.31,59.058,0.0,,,,18.76,0.243,0.149,0.292,,
3226.4,0.195,2.331,59.288,0.0,,,,17.51,0.26,0.171,0.291,,
3226.5,,,,,19.1,,,,,,,2.021,
3226.6,0.197,2.361,59.517,0.0,,,,15.62,0.279,0.226,0.296,,
3226.8,0.198,2.389,59.794,0.0,,,,13.88,0.299,0.275,0.3,,
3227.0,0.2,2.383,60.071,0.0,18.4,,,14.26,0.303,0.269,0.305,1.43,
3227.2,0.202,2.367,61.933,0.0,,,,16.82,0.305,0.249,0.305,,
3227.4,0.207,2.375,63.795,0.0,,,,16.73,0.311,0.275,0.306,,
3227.5,,,,,19.8,18.4,,,,,,1.684,1.367
3227.6,0.213,2.384,63.791,0.0,,,,16.61,0.319,0.305,0.306,,
3227.8,0.211,2.376,63.787,0.0,,,,16.83,0.321,0.288,0.299,,
3228.0,0.209,2.369,63.783,0.0,20.0,,,17.05,0.323,0.271,0.292,1.842,
3228.2,0.205,2.37,63.779,0.0,,,,16.83,0.333,0.26,0.284,,
3228.4,0.2,2.38,65.157,0.0,,,,16.31,0.349,0.264,0.282,,
3228.5,,,,,18.0,,,,,,,1.558,
3228.6,0.199,2.39,66.536,0.0,,,,15.91,0.364,0.278,0.283,,
3228.8,0.2,2.387,67.914,0.0,,,,16.08,0.374,0.277,0.285,,
3229.0,0.202,2.384,67.41,0.0,19.2,,,16.25,0.384,0.276,0.285,1.598,
3229.2,0.202,2.401,66.906,0.0,,,,15.65,0.426,0.302,0.285,,
3229.4,0.202,2.418,66.157,0.0,,,,15.05,0.475,0.329,0.281,,
3229.5,,,,,11.6,11.0,,,,,,0.233,-0.208
3229.6,0.201,2.399,65.408,0.0,,,,15.69,0.49,0.297,0.277,,
3229.8,0.201,2.38,63.401,0.0,,,,16.34,0.504,0.267,0.276,,
3230.0,0.203,2.356,63.117,0.0,17.9,,,17.24,0.509,0.233,0.276,1.574,
3230.2,0.205,2.358,62.832,24.0,,,,17.25,0.538,0.24,0.276,,
3230.4,0.206,2.359,62.547,24.0,,,,17.24,0.558,0.246,0.278,,
3230.5,,,,,18.5,,,,,,,1.562,
3230.6,0.205,2.358,62.263,24.0,,,,17.25,0.578,0.243,0.279,,
3230.8,0.204,2.358,61.847,24.0,,,,17.24,0.6,0.238,0.28,,
3231.0,0.204,2.357,61.432,24.0,17.6,,10.0,17.25,0.609,0.235,0.282,1.47,
3231.2,0.203,2.356,60.605,24.0,,,,17.26,0.619,0.232,0.285,,
3231.4,0.202,2.361,59.778,24.0,,,,17.04,0.637,0.24,0.287,,
3231.5,,,,,18.3,18.0,,,,,,1.575,1.017
3231.6,0.202,2.367,61.249,24.0,,,,16.83,0.655,0.248,0.301,,
3231.8,0.203,2.373,62.72,24.0,,,,16.67,0.66,0.259,0.314,,
3232.0,0.204,2.378,64.192,24.0,17.8,,,16.51,0.665,0.271,0.325,1.465,
3232.2,0.205,2.386,65.601,24.0,,,,16.28,0.673,0.287,0.336,,
3232.4,0.202,2.382,65.295,24.0,,,,16.31,0.672,0.273,0.336,,
3232.5,,,,,14.6,,,,,,,1.025,
3232.6,0.199,2.379,64.99,24.0,,,,16.35,0.67,0.262,0.336,,
3232.8,0.197,2.375,64.685,24.0,,,,16.38,0.663,0.249,0.34,,
3233.0,0.194,2.384,65.237,24.0,19.1,,,15.97,0.671,0.255,0.345,1.632,
3233.2,0.193,2.392,65.789,24.0,,,,15.63,0.686,0.266,0.35,,
3233.4,0.192,2.412,65.352,24.0,,,,14.92,0.716,0.295,0.352,,
3233.5,,,,,12.4,12.9,,,,,,0.212,-0.174
3233.6,0.196,2.412,64.915,24.0,,,,15.04,0.713,0.306,0.355,,
3233.8,0.199,2.413,64.478,24.0,,,,15.14,0.72,0.316,0.346,,
3234.0,0.203,2.402,63.875,24.0,18.9,,,15.65,0.711,0.308,0.323,1.528,
3234.2,0.207,2.396,63.271,24.0,,,,16.0,0.713,0.309,0.315,,
3234.4,0.211,2.393,61.828,24.0,,,,16.27,0.718,0.315,0.307,,
3234.5,,,,,15.6,,,,,,,0.944,
3234.6,0.213,2.365,60.385,24.0,,,,17.31,0.697,0.274,0.302,,
3234.8,0.211,2.344,60.711,24.0,,,,17.97,0.692,0.234,0.302,,
3235.0,0.208,2.346,61.037,24.0,18.7,,,17.8,0.715,0.232,0.303,1.686,
3235.2,0.206,2.349,60.703,24.0,,,,17.62,0.724,0.229,0.303,,
3235.4,0.204,2.356,60.368,24.0,,,,17.31,0.738,0.236,0.303,,
3235.5,,,,,14.3,15.2,,,,,,0.919,0.155
3235.6,0.203,2.363,61.784,24.0,,,,17.0,0.752,0.243,0.298,,
3235.8,0.201,2.374,63.199,24.0,,,,16.55,0.772,0.257,0.305,,
3236.0,0.203,2.385,63.05,24.0,11.5,,,16.24,0.788,0.28,0.311,0.267,
3236.2,0.202,2.371,62.901,0.0,,,,16.71,0.771,0.255,0.304,,
3236.4,0.201,2.357,61.356,0.0,,,,17.18,0.756,0.23,0.297,,
3236.5,,,,,17.9,,,,,,,1.55,
3236.6,0.203,2.344,59.811,0.0,,,,17.68,0.729,0.212,0.294,,
3236.8,0.204,2.339,59.346,0.0,,,,17.88,0.73,0.209,0.29,,
3237.0,0.205,2.335,58.882,0.0,16.6,,,18.05,0.732,0.205,0.287,1.367,
3237.2,0.206,2.331,58.417,0.0,,,,18.22,0.738,0.2,0.294,,
3237.4,0.211,2.34,59.564,0.0,,,,18.1,0.755,0.228,0.302,,
3237.5,,,,,21.1,20.4,,,,,,2.215,1.787
3237.6,0.215,2.349,60.711,0.0,,,,17.93,0.775,0.252,0.314,,
3237.8,0.218,2.386,61.858,0.0,,,,16.74,0.829,0.324,0.325,,
3238.0,0.217,2.425,61.941,0.0,7.7,,,15.3,0.903,0.381,0.325,-0.347,
3238.2,0.216,2.461,62.025,0.0,,,,14.18,0.961,0.435,0.325,,
3238.4,0.213,2.436,58.994,0.0,,,,14.79,0.924,0.388,0.315,,
3238.5,,,,,20.1,,,,,,,1.883,
3238.6,0.209,2.382,58.162,0.0,,,,16.58,0.832,0.292,0.314,,
3238.8,0.206,2.333,57.33,0.0,,,,18.14,0.764,0.204,0.311,,
3239.0,0.204,2.326,56.438,0.0,18.5,,,18.32,0.752,0.187,0.309,1.72,
3239.2,0.202,2.319,55.547,0.0,,,,18.49,0.717,0.17,0.307,,
3239.4,0.199,2.312,57.218,0.0,,,,18.61,0.69,0.154,0.311,,
3239.5,,,,,17.8,18.0,,,,,,1.679,0.849
3239.6,0.2,2.329,58.669,0.0,,,,17.59,0.692,0.181,0.315,,
3239.8,0.2,2.345,60.119,0.0,,,,16.56,0.699,0.208,0.326,,
3240.0,0.202,2.369,61.569,0.0,16.0,,,15.09,0.712,0.251,0.336,1.086,
3240.2,0.204,2.392,63.36,0.0,,,,13.66,0.713,0.294,0.341,,
3240.4,0.205,2.383,65.151,0.0,,,,14.21,0.678,0.283,0.346,,
3240.5,,,,,17.8,,,,,,,1.59,
3240.6,0.207,2.393,67.35,0.0,,,,13.58,0.658,0.303,0.351,,
3240.8,0.213,2.407,69.81,0.0,,,,12.67,0.636,0.344,0.357,,
3241.0,0.219,2.443,72.271,0.0,11.9,,,10.45,0.651,0.418,0.364,0.258,
3241.2,0.217,2.48,73.344,0.0,,,,8.15,0.688,0.472,0.371,,
3241.4,0.215,2.473,71.891,0.0,,,,8.64,0.675,0.451,0.366,,
3241.5,,,,,9.3,11.0,,,,,,-0.367,-0.745
3241.6,0.209,2.454,70.437,0.0,,,,9.85,0.651,0.408,0.361,,
3241.8,0.207,2.434,65.958,0.0,,,,11.05,0.625,0.368,0.357,,
3242.0,0.205,2.427,68.166,0.0,15.7,,,11.51,0.64,0.353,0.342,0.675,
3242.2,0.202,2.434,69.291,0.0,,,,11.1,0.647,0.357,0.345,,
3242.4,0.207,2.465,70.417,0.0,,,,9.19,0.673,0.417,0.361,,
3242.5,,,,,18.3,,,,,,,1.199,
3242.6,0.22,2.504,78.027,0.0,,,,6.67,0.7,0.52,0.379,,
3242.8,0.233,2.561,85.067,0.0,,,,4.73,0.761,0.562,0.409,,
3243.0,0.246,2.622,87.099,0.0,6.3,,,3.13,0.847,0.602,0.414,-0.409,
3243.2,0.246,2.647,79.852,0.0,,,,1.39,0.951,0.666,0.368,,
3243.4,0.224,2.645,66.625,0.0,,,,0.87,1.0,0.633,0.294,,
3243.5,,,,,3.3,4.3,,,,,,-0.469,-1.699
3243.6,0.19,2.54,44.275,0.0,,,,7.6,1.0,0.323,0.203,,
3243.8,0.159,2.443,32.097,0.0,,,,12.09,0.963,0.171,0.113,,
3244.0,0.129,2.372,27.358,0.0,16.7,,,15.47,0.947,0.039,0.08,3.38,
3244.2,0.117,2.369,26.5,22.0,,,,15.66,1.0,0.0,0.069,,
3244.4,0.104,2.371,25.643,22.0,,,,14.98,1.0,0.0,0.059,,
3244.5,,,,,15.6,,,,,,,3.199,
3244.6,0.099,2.373,26.045,22.0,,,,14.69,1.0,0.0,0.059,,
3244.8,0.102,2.369,26.447,22.0,,,,14.96,1.0,0.0,0.066,,
3245.0,0.104,2.371,28.049,22.0,15.7,,,15.0,1.0,0.0,0.066,2.764,
3245.2,0.103,2.373,28.324,22.0,,,,14.9,1.0,0.0,0.065,,
3245.4,0.096,2.376,28.598,22.0,,,,14.44,1.0,0.0,0.065,,
3245.5,,,,,17.0,16.0,,,,,,3.322,2.755
3245.6,0.089,2.38,26.878,22.0,,,,13.98,1.0,0.0,0.062,,
3245.8,0.086,2.385,25.263,22.0,,,,13.67,1.0,0.0,0.058,,
3246.0,0.083,2.389,25.731,22.0,12.5,,,13.34,1.0,0.0,0.055,3.19,
3246.2,0.083,2.395,26.245,22.0,,,,13.13,1.0,0.0,0.06,,
3246.4,0.082,2.4,26.759,22.0,,,,12.97,1.0,0.0,0.066,,
3246.5,,,,,15.3,,,,,,,2.403,
3246.6,0.082,2.404,28.472,22.0,,,,12.81,1.0,0.0,0.073,,
3246.8,0.083,2.407,27.707,22.0,,,,12.77,1.0,0.0,0.08,,
3247.0,0.084,2.397,26.941,22.0,13.4,,,13.15,1.0,0.0,0.079,3.201,
3247.2,0.085,2.39,26.175,22.0,,,,13.43,1.0,0.0,0.078,,
3247.4,0.083,2.396,26.294,22.0,,,,13.17,1.0,0.0,0.072,,
3247.5,,,,,13.2,12.7,,,,,,2.49,1.708
3247.6,0.082,2.401,26.413,22.0,,,,12.9,1.0,0.0,0.066,,
3247.8,0.084,2.399,26.251,22.0,,,,13.08,1.0,0.0,0.06,,
3248.0,0.085,2.396,26.089,22.0,10.8,,,13.25,1.0,0.0,0.056,2.415,
3248.2,0.087,2.393,25.927,0.0,,,,13.45,1.0,0.0,0.053,,
3248.4,0.087,2.389,25.765,0.0,,,,13.58,1.0,0.0,0.049,,
3248.5,,,,,14.4,,,,,,,3.076,
3248.6,0.087,2.392,25.567,0.0,,,,13.5,1.0,0.0,0.052,,
3248.8,0.087,2.394,26.155,0.0,,,,13.42,1.0,0.0,0.055,,
3249.0,0.084,2.403,26.744,0.0,16.4,,2.0,12.98,1.0,0.0,0.058,2.526,
3249.2,0.084,2.408,28.348,0.0,,,,12.83,1.0,0.0,0.059,,
3249.4,0.163,2.391,29.952,0.0,,,,14.06,0.895,0.168,0.061,,
3249.5,,,,,13.1,11.5,,,,,,2.971,1.921
3249.6,0.261,2.166,34.612,0.0,,,,0.0,1.0,0.0,0.061,,
3249.8,0.391,2.061,33.652,0.0,,,,0.0,1.0,0.0,0.06,,
3250.0,0.386,2.038,29.495,0.0,10.5,,,0.0,1.0,0.0,0.06,0.809,
3250.2,0.349,2.089,30.946,0.0,,,,0.0,1.0,0.0,0.068,,
3250.4,0.18,2.154,33.255,0.0,,,,0.0,1.0,0.0,0.076,,
3250.5,,,,,11.5,,,,,,,0.072,
3250.6,0.105,2.39,36.233,0.0,,,,14.43,0.831,0.0,0.084,,
3250.8,0.113,2.475,42.592,0.0,,,,9.26,0.984,0.154,0.107,,
3251.0,0.139,2.477,55.969,0.0,8.9,,,8.94,0.91,0.237,0.13,-0.62,
3251.2,0.167,2.479,64.251,0.0,,,,8.6,0.86,0.324,0.168,,
3251.4,0.172,2.463,61.625,0.0,,,,9.57,0.843,0.313,0.193,,
3251.5,,,,,12.0,12.3,,,,,,1.853,1.223
3251.6,0.145,2.439,55.633,0.0,,,,11.26,0.897,0.195,0.184,,
3251.8,0.131,2.401,35.19,0.0,,,,13.66,0.893,0.094,0.139,,
3252.0,0.124,2.375,32.666,0.0,16.5,,,15.32,0.892,0.029,0.116,2.401,
3252.2,0.117,2.375,31.089,0.0,,,,15.39,0.933,0.007,0.108,,
3252.4,0.111,2.375,28.954,0.0,,,,15.19,0.979,0.0,0.1,,
3252.5,,,,,15.5,,,,,,,2.31,
3252.6,0.113,2.373,26.648,0.0,,,,15.37,0.994,0.0,0.093,,
3252.8,0.115,2.37,26.595,0.0,,,,15.55,0.997,0.0,0.09,,
3253.0,0.111,2.371,27.036,0.0,17.4,,,15.33,1.0,0.0,0.086,2.792,
3253.2,0.107,2.375,25.248,0.0,,,,14.97,1.0,0.0,0.081,,
3253.4,0.105,2.38,23.501,0.0,,,,14.72,1.0,0.0,0.076,,
3253.5,,,,,15.4,15.4,,,,,,2.709,2.598
3253.6,0.103,2.377,21.753,0.0,,,,14.7,1.0,0.0,0.071,,
3253.8,0.098,2.366,22.805,0.0,,,,14.84,1.0,0.0,0.066,,
3254.0,0.094,2.354,21.973,0.0,16.2,,,14.99,1.0,0.0,0.066,2.972,
3254.2,0.089,2.36,21.503,0.0,,,,14.6,1.0,0.0,0.065,,
3254.4,0.089,2.365,21.034,0.0,,,,14.39,1.0,0.0,0.065,,
3254.5,,,,,13.3,,,,,,,3.179,
3254.6,0.098,2.364,21.387,0.0,,,,14.9,1.0,0.0,0.064,,
3254.8,0.114,2.363,21.74,0.0,,,,15.71,0.978,0.0,0.071,,
3255.0,0.13,2.36,26.057,0.0,15.9,,,16.22,0.904,0.021,0.078,3.47,
3255.2,0.164,2.394,38.56,0.0,,,,13.88,0.865,0.175,0.111,,
3255.4,0.186,2.413,51.379,0.0,,,,12.53,0.8,0.279,0.163,,
3255.5,,,,,14.2,14.2,,,,,,0.661,0.297
3255.6,0.19,2.412,56.657,0.0,,,,12.55,0.755,0.29,0.214,,
3255.8,0.201,2.435,60.193,0.0,,,,11.08,0.736,0.354,0.253,,
3256.0,0.216,2.481,66.761,0.0,15.7,,,8.11,0.741,0.469,0.27,0.784,
3256.2,0.23,2.537,73.33,0.0,,,,4.51,0.769,0.613,0.287,,
3256.4,0.245,2.589,78.835,0.0,,,,4.45,0.774,0.57,0.308,,
3256.5,,,,,4.3,,,,,,,-1.523,
3256.6,0.255,2.601,84.34,0.0,,,,5.47,0.726,0.525,0.311,,
3256.8,0.25,2.6,84.668,0.0,,,,5.37,0.732,0.519,0.315,,
3257.0,0.244,2.6,83.307,0.0,11.6,,,5.25,0.739,0.513,0.314,-0.658,
3257.2,0.239,2.591,78.423,0.0,,,,5.73,0.756,0.488,0.313,,
3257.4,0.209,2.55,65.49,0.0,,,,8.97,0.792,0.285,0.304,,
3257.5,,,,,13.8,15.1,,,,,,3.146,2.839
3257.6,0.175,2.503,49.983,0.0,,,,8.72,0.818,0.295,0.272,,
3257.8,0.174,2.389,38.546,0.0,,,,14.11,0.663,0.202,0.217,,
3258.0,0.18,2.319,39.112,0.0,13.1,,,18.34,0.572,0.11,0.176,1.149,
3258.2,0.15,2.332,48.763,0.0,,,,17.77,0.622,0.036,0.171,,
3258.4,0.116,2.384,45.453,0.0,,,,14.85,0.746,0.018,0.152,,
3258.5,,,,,13.5,,,,,,,1.276,
3258.6,0.109,2.408,40.749,0.0,,,,13.44,0.8,0.033,0.133,,
3258.8,0.098,2.432,36.482,0.0,,,,12.06,0.87,0.036,0.123,,
3259.0,0.087,2.439,30.784,0.0,12.5,,,11.69,0.907,0.014,0.113,2.176,
3259.2,0.083,2.446,29.252,0.0,,,,11.27,0.927,0.012,0.088,,
3259.4,0.095,2.442,31.667,0.0,,,,11.42,0.873,0.046,0.093,,
3259.5,,,,,11.2,10.4,,,,,,1.32,1.146
3259.6,0.108,2.438,36.797,0.0,,,,11.57,0.823,0.08,0.098,,
3259.7,,,,,12.9,10.0,,,,,,1.502,1.441
3259.8,0.14,2.434,46.162,0.0,,,,11.58,0.728,0.174,0.111,,
3260.0,0.224,2.439,66.807,0.0,,,,10.64,0.601,0.43,0.123,,
3260.2,0.21,2.444,78.929,0.0,3.8,,,10.47,0.649,0.393,0.167,,
3260.4,0.186,2.468,80.613,0.0,,,,9.14,0.746,0.367,0.205,,
3260.6,0.205,2.484,78.709,0.0,,,,7.99,0.754,0.444,0.219,,
3260.7,,,,,9.1,,,,,,,-0.092,
3260.8,0.227,2.488,81.847,0.0,,,,7.59,0.729,0.523,0.223,,
3261.0,0.265,2.489,90.654,0.0,,,,7.23,0.678,0.628,0.228,,
3261.2,0.258,2.477,96.067,0.0,9.0,,,8.0,0.665,0.596,0.251,-0.959,
3261.4,0.196,2.465,95.252,0.0,,,,9.9,0.749,0.352,0.259,,
3261.6,0.106,2.441,56.176,0.0,,,,11.43,0.95,0.076,0.266,,
3261.7,,,,,10.5,11.2,,,,,,2.134,2.117
3261.8,0.088,2.433,37.302,0.0,,,,12.07,0.967,0.007,0.203,,
3262.0,0.097,2.443,30.706,0.0,,,,11.36,0.947,0.052,0.09,,
3262.2,0.106,2.454,47.544,0.0,13.3,,,10.64,0.921,0.099,0.091,2.104,
3262.4,0.164,2.475,68.733,0.0,,,,8.9,0.798,0.309,0.153,,
3262.6,0.138,2.478,69.066,0.0,,,,8.87,0.888,0.237,0.203,,
3262.7,,,,,9.6,,,,,,,0.233,
3262.8,0.108,2.482,59.626,0.0,,,,8.86,1.0,0.148,0.224,,
3263.0,0.124,2.484,51.75,0.0,,,,8.6,0.971,0.205,0.211,,
3263.2,0.169,2.486,66.228,0.0,12.6,,,8.15,0.844,0.34,0.198,0.093,
3263.4,0.211,2.466,85.748,0.0,,,,0.0,1.0,0.0,0.214,,
3263.6,0.284,2.435,90.721,0.0,,,,0.0,1.0,0.0,0.252,,
3263.8,0.327,2.392,80.997,0.0,,,,0.0,1.0,0.0,0.29,,
3264.0,0.359,2.243,72.136,0.0,7.6,9.9,,0.0,1.0,0.0,0.317,0.314,0.152
3264.2,0.361,2.223,81.165,0.0,,,,0.0,1.0,0.0,0.26,,
3264.4,0.349,2.322,90.195,0.0,,,,0.0,1.0,0.0,0.251,,
3264.6,0.339,2.432,100.832,0.0,,,,0.0,1.0,0.0,0.289,,
3264.8,0.273,2.434,105.395,0.0,,,,0.0,1.0,0.0,0.341,,
3265.0,0.173,2.436,80.308,0.0,7.5,,,11.21,0.831,0.274,0.303,0.473,
3265.2,0.087,2.429,26.449,0.0,15.0,,,12.26,1.0,0.0,0.266,3.196,
3265.4,0.066,2.423,19.215,0.0,,,,11.38,1.0,0.0,0.16,,
3265.6,0.084,2.414,29.691,0.0,,,,12.63,0.986,0.0,0.085,,
3265.7,,,,,11.7,12.4,,,,,,2.872,2.892
3265.8,0.116,2.41,42.477,0.0,,,,13.25,0.87,0.059,0.06,,
3266.0,0.148,2.406,47.093,0.0,,,,13.26,0.776,0.149,0.084,,
3266.2,0.135,2.402,38.247,0.0,17.3,,,13.6,0.789,0.107,0.103,1.322,
3266.4,0.108,2.413,27.439,0.0,,,,13.13,0.889,0.04,0.102,,
3266.6,0.081,2.421,22.602,0.0,,,,12.28,1.0,0.0,0.101,,
3266.7,,,,,13.1,,,,,,,3.093,
3266.8,0.086,2.411,22.66,0.0,,,,12.83,0.96,0.0,0.062,,
3267.0,0.091,2.402,33.516,0.0,,,,13.35,0.921,0.0,0.057,,
3267.2,0.107,2.397,40.151,0.0,15.5,,,14.12,0.873,0.009,0.067,2.146,
3267.4,0.121,2.393,46.82,0.0,,,,14.28,0.84,0.049,0.076,,
3267.6,0.136,2.393,41.751,0.0,,,,14.15,0.801,0.094,0.118,,
3267.7,,,,,16.5,14.8,,,,,,0.318,0.318
3267.8,0.114,2.393,33.06,0.0,,,,14.3,0.848,0.026,0.149,,
3268.0,0.091,2.394,24.951,0.0,,,,13.63,0.909,0.0,0.145,,
3268.2,0.108,2.401,27.402,0.0,13.3,,,13.9,0.857,0.019,0.125,2.412,
3268.4,0.244,2.336,47.04,0.0,,,,0.0,1.0,0.0,0.116,,
3268.6,0.341,2.126,57.304,0.0,,,,0.0,1.0,0.0,0.137,,
3268.8,0.413,2.024,64.443,0.0,,,,0.0,1.0,0.0,0.159,,
3269.0,0.349,2.013,77.093,0.0,,,,0.0,1.0,0.0,0.174,,
3269.2,0.263,2.104,89.16,0.0,4.2,,,0.0,1.0,0.0,0.188,-1.155,
3269.4,0.296,2.35,96.836,0.0,,,,0.0,1.0,0.0,0.225,,
3269.6,0.326,2.431,99.969,0.0,,,,0.0,1.0,0.0,0.255,,
3269.8,0.289,2.445,97.967,0.0,,,,0.0,1.0,0.0,0.284,,
3269.9,,,,,9.8,13.7,,,,,,1.072,1.619
3270.0,0.234,2.459,76.268,0.0,,,,13.29,0.718,0.258,0.297,,
3270.2,0.133,2.427,43.296,0.0,16.2,,,12.67,0.901,0.108,0.269,2.334,
3270.4,0.102,2.404,31.313,0.0,,,,13.73,0.96,0.004,0.187,,
3270.6,0.089,2.398,27.014,0.0,,,,13.4,1.0,0.0,0.091,,
3270.7,,,,,15.9,,,,,,,2.433,
3270.8,0.09,2.409,32.66,0.0,,,,13.06,1.0,0.0,0.072,,
3271.0,0.145,2.42,48.548,0.0,,,,12.41,0.93,0.164,0.077,,
3271.2,0.269,2.444,64.824,0.0,,,,9.98,0.733,0.571,0.082,,
3271.4,0.23,2.429,67.441,0.0,12.2,,,14.1,0.788,0.256,0.123,2.193,
3271.6,0.177,2.414,52.407,0.0,,,,14.7,0.885,0.12,0.165,,
3271.7,,,,,14.8,14.8,,,,,,3.199,3.09
3271.8,0.131,2.392,28.349,0.0,,,,15.02,0.962,0.033,0.16,,
3272.0,0.125,2.366,18.525,0.0,,,,16.16,0.936,0.0,0.122,,
3272.2,0.128,2.341,17.199,0.0,15.5,,,17.16,0.878,0.0,0.084,3.013,
3272.4,0.123,2.322,15.502,0.0,,,,17.55,0.855,0.0,0.066,,
3272.6,0.132,2.298,14.679,0.0,,,,18.83,0.794,0.0,0.048,,
3272.7,,,,,17.9,,,,,,,2.917,
3272.8,0.186,2.22,16.173,0.0,,,,0.0,1.0,0.0,0.045,,
3273.0,0.25,2.106,17.667,0.0,,,,0.0,1.0,0.0,0.042,,
3273.2,0.258,2.062,20.464,0.0,16.0,,,0.0,1.0,0.0,0.047,2.114,
3273.4,0.166,2.208,20.354,0.0,,,,0.0,1.0,0.0,0.052,,
3273.6,0.141,2.276,20.245,0.0,,,,19.92,0.711,0.0,0.057,,
3273.7,,,,,16.0,15.3,,,,,,,1.812
3273.8,0.121,2.344,20.32,0.0,,,,16.73,0.838,0.0,0.058,,
3274.0,0.116,2.356,20.394,0.0,,,,16.06,0.874,0.0,0.059,,
3274.2,0.112,2.36,21.755,0.0,15.9,,,15.75,0.893,0.0,0.061,2.041,
3274.4,0.108,2.363,22.191,0.0,,,,15.46,0.912,0.0,0.062,,
3274.6,0.105,2.366,22.628,0.0,,,,15.19,0.93,0.0,0.064,,
3274.7,,,,,16.5,,,,,,,2.34,
3274.8,0.109,2.369,26.163,0.0,,,,15.29,0.923,0.0,0.068,,
3275.0,0.114,2.377,43.742,0.0,,,,15.27,0.923,0.0,0.073,,
3275.2,0.119,2.385,57.783,0.0,5.6,,,14.81,0.926,0.026,0.077,0.844,
3275.4,0.125,2.394,69.453,0.0,,,,14.15,0.937,0.063,0.087,,
3275.6,0.132,2.391,81.167,0.0,,,,14.33,0.919,0.078,0.097,,
3275.7,,,,,16.4,16.5,,,,,,2.354,2.369
3275.8,0.14,2.379,92.829,0.0,,,,14.98,0.887,0.081,0.112,,
3276.0,0.147,2.368,113.184,0.0,,,,15.63,0.853,0.083,0.12,,
3276.2,0.145,2.356,122.992,0.0,17.4,,,16.36,0.84,0.058,0.128,2.061,
3276.4,0.14,2.356,84.0,0.0,,,,16.37,0.851,0.045,0.119,,
3276.6,0.148,2.357,65.616,0.0,,,,16.3,0.84,0.066,0.109,,
3276.7,,,,,17.2,,,,,,,1.563,
3276.8,0.155,2.357,54.967,0.0,,,,16.21,0.827,0.09,0.11,,
3277.0,0.172,2.368,59.712,0.0,,,,15.38,0.804,0.161,0.111,,
3277.2,0.18,2.38,94.896,0.0,16.7,,,14.61,0.793,0.207,0.129,0.952,
3277.4,0.17,2.384,104.98,0.0,,,,14.43,0.815,0.179,0.147,,
3277.6,0.161,2.388,103.547,0.0,,,,14.25,0.829,0.155,0.164,,
3277.7,,,,,16.3,17.1,,,,,,,0.897
3277.8,0.154,2.393,69.86,0.0,,,,14.03,0.835,0.143,0.16,,
3278.0,0.147,2.393,49.357,0.0,,,,14.06,0.834,0.125,0.157,,
3278.2,0.152,2.393,43.132,0.0,14.0,,,14.01,0.809,0.139,0.13,,
3278.4,0.157,2.392,43.257,0.0,,,,14.04,0.782,0.15,0.123,,
3278.6,0.161,2.391,43.383,0.0,,,,14.08,0.76,0.16,0.116,,
3278.7,,,,,16.6,,,,,,,,
3278.8,0.154,2.396,45.243,0.0,,,,13.82,0.767,0.151,0.126,,
3279.0,0.148,2.401,42.943,0.0,,,,13.56,0.777,0.14,0.137,,
3279.2,0.14,2.406,43.196,0.0,12.7,,,13.32,0.795,0.125,0.146,1.049,
3279.4,0.146,2.414,43.449,0.0,,,,12.79,0.785,0.156,0.142,,
3279.6,0.153,2.415,48.607,0.0,,,,12.67,0.766,0.176,0.138,,
3279.7,,,,,13.3,15.3,,,,,,0.897,0.838
3279.8,0.156,2.416,50.495,0.0,,,,12.57,0.761,0.187,0.134,,
3280.0,0.159,2.423,52.383,0.0,,,,12.13,0.764,0.208,0.13,,
3280.2,0.16,2.425,51.993,0.0,14.3,,,11.98,0.766,0.213,0.126,0.631,
3280.4,0.161,2.413,51.604,0.0,,,,12.71,0.754,0.196,0.132,,
3280.6,0.161,2.397,51.214,0.0,,,,13.74,0.734,0.172,0.137,,
3280.7,,,,,15.2,,,,,,,0.453,
3280.8,0.163,2.392,52.721,0.0,,,,13.98,0.731,0.171,0.142,,
3281.0,0.165,2.388,54.229,0.0,,,,14.22,0.729,0.17,0.146,,
3281.2,0.166,2.379,54.335,0.0,15.7,,,14.78,0.727,0.157,0.15,,
3281.4,0.167,2.374,54.441,0.0,,,,15.06,0.731,0.153,0.152,,
3281.6,0.166,2.372,56.934,0.0,,,,15.25,0.742,0.145,0.155,,
3281.7,,,,,15.0,16.4,,,,,,,0.851
3281.8,0.164,2.368,59.428,0.0,,,,15.44,0.742,0.137,0.163,,
3282.0,0.163,2.365,61.921,0.0,,,,15.63,0.743,0.129,0.171,,
3282.2,0.166,2.36,54.579,0.0,15.6,,,15.96,0.733,0.127,0.163,1.0,
3282.4,0.168,2.372,52.111,0.0,,,,15.18,0.747,0.155,0.154,,
3282.6,0.167,2.384,51.611,0.0,,,,14.43,0.76,0.172,0.15,,
3282.7,,,,,16.7,,,,,,,0.762,
3282.8,0.167,2.409,51.111,0.0,,,,12.93,0.793,0.209,0.146,,
3283.0,0.168,2.434,51.751,0.0,,,,11.4,0.81,0.254,0.15,,
3283.2,0.181,2.446,48.706,0.0,15.1,,,10.49,0.778,0.319,0.154,0.201,
3283.4,0.215,2.434,42.817,0.0,,,,0.0,1.0,0.0,0.16,,
3283.6,0.449,2.268,36.927,27.0,9.4,9.6,,0.0,1.0,0.0,0.146,0.688,0.433
3283.8,0.447,1.945,34.982,27.0,,,,0.0,1.0,0.0,0.131,,
3284.0,0.342,1.881,41.532,27.0,,,,0.0,1.0,0.0,0.129,,
3284.2,0.286,2.063,59.025,27.0,10.0,,,0.0,1.0,0.0,0.128,-1.046,
3284.4,0.258,2.411,65.395,0.0,,,,12.03,0.666,0.49,0.152,,
3284.6,0.265,2.442,71.765,0.0,,,,10.12,0.73,0.554,0.176,,
3284.7,,,,,11.8,,,,,,,-0.796,
3284.8,0.293,2.421,79.297,0.0,,,,11.11,0.693,0.624,0.188,,
3285.0,0.33,2.399,86.83,0.0,,,,9.26,0.756,0.691,0.199,,
3285.2,0.327,2.457,91.92,0.0,,,,6.79,0.849,0.774,0.215,,
3285.4,0.284,2.51,94.711,0.0,,,,5.72,0.92,0.737,0.232,,
3285.6,0.292,2.513,97.503,0.0,,,,5.46,0.914,0.768,0.234,,
3285.8,0.358,2.464,100.041,0.0,,,,3.72,0.945,0.876,0.237,,
3286.0,0.424,2.397,98.901,0.0,,,,2.09,1.0,0.93,0.24,,
3286.2,0.451,2.22,97.76,27.0,8.2,,,6.92,0.809,0.769,0.243,-0.745,
3286.4,0.414,2.17,81.579,27.0,,,,12.84,0.664,0.572,0.207,,
3286.6,0.383,2.152,66.826,27.0,,,,16.25,0.613,0.458,0.172,,
3286.7,,,,,4.6,,,,,,,,
3286.8,0.305,2.315,64.182,0.0,,,,15.62,0.613,0.479,0.17,,
3287.0,0.277,2.436,63.397,0.0,,,,10.33,0.71,0.595,0.167,,
3287.2,0.25,2.499,72.594,0.0,,,,6.67,0.883,0.611,0.182,,
3287.4,0.273,2.542,84.781,0.0,,,,3.88,0.971,0.749,0.197,,
3287.6,0.31,2.554,91.209,0.0,,,,2.85,0.965,0.875,0.212,,
3287.8,0.312,2.562,93.203,0.0,,,,2.35,0.999,0.893,0.218,,
3288.0,0.31,2.551,95.777,0.0,,,,3.01,0.951,0.872,0.225,,
3288.2,0.315,2.541,98.959,0.0,,,,3.63,0.902,0.864,0.231,,
3288.4,0.296,2.485,101.383,0.0,,,,7.15,0.786,0.735,0.241,,
3288.6,0.26,2.451,99.21,0.0,,,,9.6,0.745,0.557,0.226,,
3288.8,0.222,2.444,76.384,0.0,14.3,,,10.34,0.755,0.435,0.211,0.164,
3289.0,0.195,2.437,67.582,0.0,,,,10.99,0.745,0.343,0.196,,
3289.2,0.174,2.433,64.294,0.0,,,,11.36,0.736,0.273,0.186,,
3289.3,,,,,12.7,13.6,,,,,,0.742,0.378
3289.4,0.147,2.42,52.071,0.0,,,,12.43,0.723,0.168,0.176,,
3289.6,0.128,2.406,47.043,0.0,,,,13.42,0.688,0.093,0.149,,
3289.8,0.127,2.399,52.624,0.0,13.8,,,13.82,0.657,0.077,0.123,0.769,
3290.0,0.125,2.4,57.745,0.0,,,,13.8,0.665,0.072,0.104,,
3290.2,0.124,2.401,53.838,0.0,,,,13.78,0.674,0.068,0.092,,
3290.3,,,,,14.1,,,,,,,1.182,
3290.4,0.122,2.415,47.828,0.0,,,,12.9,0.779,0.085,0.081,,
3290.6,0.139,2.429,52.875,0.0,,,,11.88,0.877,0.161,0.093,,
3290.8,0.17,2.444,71.671,0.0,5.8,5.1,,10.76,0.889,0.275,0.146,,-1.398
3291.0,0.221,2.479,83.609,0.0,,,,8.19,0.89,0.484,0.192,,
3291.2,0.277,2.497,95.262,0.0,,,,6.61,0.85,0.691,0.216,,
3291.4,0.284,2.515,104.9,0.0,,,,5.44,0.906,0.746,0.241,,
3291.6,0.304,2.503,110.069,0.0,,,,6.03,0.864,0.785,0.254,,
3291.8,0.331,2.491,101.725,0.0,,,,4.71,0.906,0.843,0.267,,
3292.0,0.315,2.442,90.883,0.0,,,,8.94,0.777,0.702,0.249,,
3292.2,0.274,2.434,74.976,0.0,,,,10.54,0.77,0.575,0.231,,
3292.3,,,,,12.7,,,,,,,-0.658,
3292.4,0.244,2.451,72.709,0.0,,,,9.71,0.84,0.517,0.226,,
3292.6,0.205,2.435,62.54,0.0,,,,11.05,0.899,0.363,0.22,,
3292.8,0.165,2.418,45.722,0.0,17.7,,,12.35,0.98,0.22,0.179,2.714,
3293.0,0.143,2.367,30.37,0.0,,,,15.74,0.948,0.071,0.119,,
3293.2,0.137,2.351,24.401,0.0,,,,16.75,0.94,0.03,0.073,,
3293.3,,,,,18.6,19.3,,,,,,2.616,2.517
3293.4,0.132,2.348,23.365,0.0,,,,16.95,0.97,0.01,0.064,,
3293.6,0.135,2.324,22.328,0.0,,,,18.07,0.942,0.0,0.054,,
3293.8,0.143,2.294,21.292,0.0,18.3,,,19.44,0.899,0.0,0.044,2.979,
3294.0,0.152,2.283,23.69,0.0,,,,20.14,0.895,0.0,0.034,,
3294.2,0.162,2.272,26.194,0.0,,,,20.96,0.884,0.0,0.034,,
3294.3,,,,,20.2,,,,,,,2.926,
3294.4,0.168,2.274,26.549,0.0,,,,21.13,0.885,0.0,0.042,,
3294.6,0.159,2.276,23.075,0.0,,,,20.66,0.913,0.0,0.05,,
3294.8,0.152,2.279,19.601,22.0,20.8,,,20.32,0.937,0.0,0.049,3.201,
3295.0,0.146,2.287,19.178,22.0,,,,19.77,0.972,0.0,0.049,,
3295.2,0.145,2.296,18.756,22.0,,,,19.45,0.998,0.0,0.049,,
3295.3,,,,,19.2,19.3,,,,,,3.155,3.267
3295.4,0.144,2.295,18.334,22.0,,,,19.42,1.0,0.0,0.048,,
3295.6,0.15,2.295,19.684,22.0,,,,19.65,0.985,0.0,0.047,,
3295.8,0.155,2.293,21.035,0.0,20.3,,,19.96,0.959,0.0,0.046,3.233,
3296.0,0.174,2.316,30.121,0.0,,,,18.58,0.95,0.083,0.045,,
3296.2,0.193,2.372,43.498,0.0,,,,15.01,0.967,0.231,0.065,,
3296.3,,,,,15.9,,,,,,,2.554,
3296.4,0.189,2.45,66.276,0.0,,,,10.2,1.0,0.347,0.097,,
3296.6,0.184,2.487,71.919,0.0,,,,7.93,1.0,0.396,0.129,,
3296.8,0.16,2.462,56.438,0.0,11.7,,,9.68,1.0,0.276,0.139,0.879,
3297.0,0.149,2.424,39.32,0.0,,,,12.12,1.0,0.183,0.106,,
3297.2,0.138,2.379,25.961,0.0,,,,14.97,0.981,0.079,0.095,,
3297.3,,,,,18.0,18.0,,,,,,2.515,2.4
3297.4,0.135,2.361,24.238,22.0,,,,16.1,0.934,0.042,0.085,,
3297.6,0.133,2.343,22.514,22.0,,,,17.23,0.91,0.006,0.075,,
3297.8,0.137,2.338,21.881,22.0,19.6,,,17.53,0.899,0.008,0.064,2.533,
3298.0,0.14,2.332,21.247,22.0,,,,17.84,0.888,0.009,0.062,,
3298.2,0.144,2.325,20.758,22.0,,,,18.28,0.877,0.007,0.06,,
3298.3,,,,,18.8,,,,,,,2.161,
3298.4,0.142,2.325,20.268,22.0,,,,18.31,0.887,0.002,0.057,,
3298.6,0.141,2.324,19.778,22.0,,,,18.32,0.896,0.0,0.055,,
3298.8,0.14,2.323,21.271,22.0,20.4,,,18.29,0.9,0.0,0.053,2.505,
3299.0,0.168,2.307,22.764,0.0,,,3.0,19.17,0.828,0.048,0.065,,
3299.2,0.298,2.291,30.107,0.0,,,,0.0,1.0,0.0,0.076,,
3299.3,,,,,17.2,18.0,,,,,,3.196,3.22
3299.4,0.424,2.224,65.688,0.0,,,,0.0,1.0,0.0,0.123,,
3299.6,0.416,2.253,84.19,0.0,,,,0.0,1.0,0.0,0.169,,
3299.8,0.327,2.35,86.938,0.0,,,,0.0,1.0,0.0,0.24,,
3300.0,0.201,2.386,50.174,0.0,,,,14.07,0.794,0.275,0.223,,
3300.2,0.128,2.391,32.41,0.0,,,,14.33,0.95,0.067,0.156,,
3300.3,,,,,15.4,,,,,,,2.41,
3300.4,0.188,2.396,34.512,0.0,,,,13.56,0.809,0.256,0.096,,
3300.6,0.322,2.417,64.679,0.0,,,,0.0,0.711,0.0,0.14,,
3300.7,,,,,12.7,,,,,,,0.459,
3300.8,0.442,2.398,99.553,0.0,,,,0.0,1.0,0.0,0.191,,
3301.0,0.369,2.351,103.146,0.0,,,,0.0,1.0,0.0,0.239,,
3301.2,0.288,2.3,77.968,0.0,,,,0.0,1.0,0.0,0.226,,
3301.3,,,,,5.7,20.0,,,,,,,-0.42
3301.4,0.248,2.342,54.099,0.0,,,,16.41,0.717,0.352,0.214,,
3301.6,0.245,2.448,50.966,0.0,,,,9.88,0.876,0.514,0.167,,
3301.8,0.265,2.5,52.791,0.0,15.9,,,6.53,0.932,0.651,0.16,-0.092,
3302.0,0.304,2.647,68.901,0.0,13.8,,,2.06,1.0,0.767,0.152,-0.854,
3302.2,0.319,2.75,73.066,0.0,,,,0.0,1.0,0.828,0.171,,
3302.4,0.327,2.765,76.104,0.0,,,,0.0,1.0,0.914,0.19,,
3302.6,0.346,2.729,83.179,0.0,,,,0.0,1.0,1.0,0.203,,
3302.8,0.359,2.675,90.113,0.0,,,,0.0,1.0,1.0,0.217,,
3303.0,0.345,2.637,93.5,0.0,,,,0.0,1.0,1.0,0.232,,
3303.2,0.314,2.671,94.832,0.0,,,,0.0,1.0,0.954,0.248,,
3303.4,0.283,2.773,94.009,0.0,,,,0.0,1.0,0.869,0.242,,
3303.6,0.258,2.861,89.554,0.0,,,,0.0,1.0,0.78,0.237,,
3303.8,0.242,2.905,74.17,0.0,,,,0.0,1.0,0.737,0.225,,
3304.0,0.233,2.918,65.428,0.0,,,,0.0,1.0,0.706,0.212,,
3304.2,0.223,2.931,64.875,0.0,,,,0.0,1.0,0.672,0.199,,
3304.4,0.214,2.874,69.423,0.0,,,,0.0,1.0,0.632,0.2,,
3304.6,0.213,2.761,74.325,0.0,,,,0.0,1.0,0.628,0.2,,
3304.8,0.228,2.626,80.358,0.0,10.7,,,0.13,1.0,0.69,0.2,-0.921,
3305.0,0.243,2.636,85.866,0.0,,,,0.0,1.0,0.741,0.2,,
3305.2,0.284,2.645,87.568,0.0,,,,0.0,1.0,0.872,0.209,,
3305.3,,,,,5.1,4.5,,,,,,-1.301,-1.398
3305.4,0.316,2.651,91.702,0.0,,,,0.0,1.0,0.959,0.221,,
3305.6,0.274,2.631,93.815,0.0,,,,0.0,1.0,0.835,0.234,,
3305.8,0.238,2.61,95.927,0.0,,,,0.46,1.0,0.725,0.247,,
3306.0,0.24,2.599,96.309,0.0,,,,0.73,1.0,0.729,0.249,,
3306.2,0.269,2.602,96.691,0.0,,,,0.41,1.0,0.812,0.251,,
3306.4,0.311,2.606,100.184,0.0,,,,0.0,1.0,0.946,0.254,,
3306.6,0.287,2.637,103.389,0.0,,,,0.0,1.0,0.882,0.257,,
3306.8,0.243,2.668,83.074,0.0,,,,0.08,1.0,0.721,0.261,,
3307.0,0.214,2.713,65.637,0.0,5.2,5.6,,0.65,1.0,0.542,0.242,-2.0,-1.699
3307.2,0.184,2.674,49.85,0.0,,,,0.66,1.0,0.515,0.181,,
3307.4,0.145,2.603,47.66,0.0,,,,1.5,1.0,0.424,0.141,,
3307.5,,,,,12.1,,,,,,,1.36,
3307.6,0.142,2.534,45.552,0.0,,,,5.28,1.0,0.342,0.122,,
3307.8,0.14,2.433,41.042,0.0,,,,11.63,1.0,0.172,0.102,,
3308.0,0.143,2.377,36.533,0.0,19.5,,,15.08,0.913,0.089,0.083,2.864,
3308.2,0.145,2.338,29.622,0.0,,,,17.47,0.844,0.033,0.064,,
3308.4,0.148,2.322,29.014,0.0,,,,18.41,0.821,0.014,0.059,,
3308.5,,,,,15.0,,,,,,,,
3308.6,0.145,2.321,28.071,0.0,,,,18.51,0.827,0.006,0.055,,
3308.8,0.146,2.319,26.232,0.0,,,,18.6,0.819,0.006,0.051,,
3309.0,0.175,2.313,28.436,0.0,19.1,19.0,,18.77,0.758,0.082,0.063,2.631,2.418
3309.2,0.258,2.251,40.149,0.0,,,,21.91,0.585,0.231,0.075,,
3309.4,0.311,2.175,55.898,0.0,,,,22.04,0.574,0.265,0.117,,
3309.6,0.356,2.105,82.948,0.0,,,,21.17,0.587,0.294,0.183,,
3309.8,0.339,2.197,95.938,0.0,,,,18.08,0.623,0.398,0.213,,
3310.0,0.322,2.591,95.876,0.0,,,,0.0,1.0,0.97,0.242,,
3310.2,0.324,2.678,90.8,0.0,,,,0.0,1.0,0.985,0.249,,
3310.4,0.325,2.681,92.066,0.0,,,,0.0,1.0,0.99,0.256,,
3310.6,0.332,2.66,94.085,0.0,,,,0.0,1.0,1.0,0.262,,
3310.8,0.339,2.638,96.103,0.0,,,,0.0,1.0,1.0,0.269,,
3311.0,0.344,2.616,101.644,0.0,6.6,,,0.0,1.0,1.0,0.295,,
3311.2,0.342,2.593,106.639,0.0,,,,0.0,1.0,1.0,0.317,,
3311.4,0.339,2.612,108.006,0.0,,,,0.0,1.0,1.0,0.338,,
3311.6,0.336,2.632,109.201,0.0,,,,0.0,1.0,1.0,0.345,,
3311.8,0.323,2.661,110.669,0.0,,,,0.0,1.0,0.986,0.352,,
3312.0,0.311,2.659,109.082,0.0,,,,0.0,1.0,0.945,0.358,,
3312.2,0.294,2.657,109.006,0.0,,,,0.0,1.0,0.905,0.365,,
3312.4,0.273,2.652,108.929,0.0,,,,0.0,1.0,0.83,0.362,,
3312.5,,,,,9.5,,,,,,,-0.886,
3312.6,0.252,2.647,108.241,0.0,,,,0.0,1.0,0.764,0.335,,
3312.8,0.23,2.63,88.865,0.0,,,,0.02,1.0,0.699,0.275,,
3313.0,0.209,2.589,74.234,0.0,16.3,17.2,,1.28,1.0,0.621,0.202,,-0.187
3313.2,0.186,2.496,61.8,0.0,,,,7.38,0.997,0.413,0.143,,
3313.4,0.172,2.422,44.235,0.0,,,,12.07,0.877,0.249,0.123,,
3313.5,,,,,17.7,,,,,,,0.386,
3313.6,0.17,2.398,43.896,0.0,,,,13.54,0.832,0.206,0.103,,
3313.8,0.175,2.418,46.216,0.0,,,,12.26,0.853,0.253,0.083,,
3314.0,0.183,2.439,48.995,0.0,12.6,,,10.95,0.865,0.312,0.092,-0.444,
3314.2,0.184,2.445,47.918,0.0,,,,10.56,0.87,0.327,0.101,,
3314.4,0.18,2.435,43.338,0.0,,,,11.21,0.854,0.296,0.101,,
3314.5,,,,,17.9,,,,,,,0.124,
3314.6,0.175,2.429,38.656,0.0,,,,11.63,0.846,0.269,0.107,,
3314.8,0.177,2.454,40.993,0.0,,,,10.09,0.872,0.317,0.113,,
3315.0,0.179,2.478,45.666,0.0,14.1,15.0,,8.55,0.902,0.363,0.12,-0.187,-0.62
3315.2,0.19,2.51,51.223,0.0,,,,6.46,0.929,0.448,0.126,,
3315.4,0.207,2.543,56.78,0.0,,,,4.34,0.955,0.545,0.151,,
3315.5,,,,,7.9,,,,,,,-0.377,
3315.6,0.213,2.573,62.887,0.0,,,,2.72,1.0,0.595,0.175,,
3315.8,0.206,2.572,62.109,0.0,,,,3.64,1.0,0.53,0.181,,
3316.0,0.197,2.533,57.009,0.0,15.1,,,5.69,0.968,0.467,0.188,-0.051,
3316.2,0.2,2.49,55.107,0.0,,,,7.95,0.897,0.425,0.194,,
3316.4,0.207,2.451,53.205,0.0,,,,10.26,0.838,0.383,0.181,,
3316.5,,,,,13.3,,,,,,,,
3316.6,0.2,2.409,48.683,0.0,,,,12.68,0.811,0.309,0.167,,
3316.8,0.191,2.361,43.409,0.0,,,,15.69,0.772,0.211,0.137,,
3317.0,0.183,2.334,38.134,0.0,19.7,19.8,,17.39,0.766,0.145,0.107,0.972,0.22
3317.2,0.176,2.338,31.997,0.0,,,,17.19,0.799,0.129,0.108,,
3317.4,0.169,2.348,32.211,0.0,,,,16.67,0.813,0.118,0.109,,
3317.5,,,,,19.8,,,,,,,0.207,
3317.6,0.19,2.358,38.414,0.0,,,,15.89,0.767,0.202,0.11,,
3317.8,0.256,2.303,44.616,0.0,,,,0.0,1.0,0.0,0.117,,
3318.0,0.361,2.277,67.899,0.0,5.3,,,0.0,1.0,0.0,0.123,-0.886,
3318.2,0.382,2.253,89.488,0.0,,,,0.0,1.0,0.0,0.121,,
3318.4,0.262,2.078,86.078,0.0,,,,0.0,1.0,0.0,0.119,,
3318.5,,,,,3.2,,,,,,,,
3318.6,0.157,2.133,56.1,0.0,,,,0.0,1.0,0.0,0.121,,
3318.8,0.152,2.341,50.78,0.0,,,,17.24,0.728,0.056,0.122,,
3319.0,0.169,2.428,52.846,0.0,11.7,13.3,,11.75,0.845,0.249,0.124,-0.42,-0.066
3319.2,0.211,2.487,76.693,0.0,,,,7.8,0.881,0.464,0.16,,
3319.4,0.244,2.54,91.738,0.0,,,,4.19,0.943,0.663,0.197,,
3319.6,0.254,2.564,95.188,0.0,,,,2.65,1.0,0.726,0.217,,
3319.8,0.271,2.588,96.832,0.0,,,,1.02,1.0,0.814,0.238,,
3320.0,0.294,2.598,96.493,0.0,,,,0.26,1.0,0.908,0.259,,
3320.2,0.287,2.596,97.001,0.0,,,,0.38,1.0,0.882,0.259,,
3320.4,0.28,2.588,96.668,0.0,,,,0.94,1.0,0.848,0.258,,
3320.6,0.267,2.589,96.335,0.0,,,,0.92,1.0,0.801,0.256,,
3320.8,0.255,2.583,95.298,0.0,,,,1.44,1.0,0.76,0.254,,
3321.0,0.243,2.576,94.42,0.0,,,,1.95,1.0,0.717,0.234,,
3321.2,0.231,2.545,90.258,0.0,,,,4.03,1.0,0.629,0.214,,
3321.4,0.181,2.507,78.218,0.0,,,,6.74,1.0,0.415,0.194,,
3321.5,,,,,10.0,,,,,,,0.004,
3321.6,0.145,2.455,57.46,0.0,,,,10.49,1.0,0.206,0.118,,
3321.8,0.101,2.398,22.159,0.0,,,,13.96,1.0,0.0,0.062,,
3322.0,0.133,2.384,24.577,0.0,15.0,,,14.73,0.99,0.071,0.029,2.727,
3322.2,0.134,2.377,30.178,0.0,,,,15.16,1.0,0.063,0.031,,
3322.4,0.136,2.361,28.924,0.0,,,,16.09,1.0,0.042,0.033,,
3322.5,,,,,18.0,,,,,,,3.22,
3322.6,0.137,2.346,20.069,0.0,,,,17.01,1.0,0.021,0.035,,
3322.8,0.136,2.333,17.583,0.0,,,,17.77,1.0,0.0,0.032,,
3323.0,0.135,2.322,15.097,0.0,19.7,19.3,,18.08,1.0,0.0,0.029,3.55,3.286
3323.2,0.137,2.321,17.107,0.0,,,,18.22,1.0,0.0,0.031,,
3323.4,0.139,2.321,17.537,0.0,,,,18.3,1.0,0.0,0.034,,
3323.5,,,,,19.5,,,,,,,3.483,
3323.6,0.143,2.316,17.092,0.0,,,,18.68,1.0,0.0,0.037,,
3323.8,0.148,2.31,16.647,0.0,,,,19.04,1.0,0.0,0.035,,
3324.0,0.15,2.296,16.202,0.0,20.0,,,19.63,1.0,0.0,0.033,3.447,
3324.2,0.152,2.28,16.552,0.0,,,,20.26,1.0,0.0,0.033,,
3324.4,0.148,2.264,16.902,0.0,,,,20.66,1.0,0.0,0.033,,
3324.5,,,,,22.8,,,,,,,3.556,
3324.6,0.145,2.26,16.679,0.0,,,,20.67,1.0,0.0,0.032,,
3324.8,0.155,2.261,16.456,0.0,,,,21.04,0.971,0.0,0.032,,
3325.0,0.265,2.259,19.926,0.0,19.8,19.9,,0.0,1.0,0.0,0.034,3.201,2.876
3325.2,0.37,2.21,27.628,0.0,,,,0.0,1.0,0.0,0.051,,
3325.4,0.418,2.213,49.585,0.0,,,,0.0,1.0,0.0,0.099,,
3325.6,0.456,2.216,57.888,0.0,,,,0.0,1.0,0.0,0.162,,
3325.8,0.517,2.274,82.042,0.0,,,,0.0,1.0,0.0,0.21,,
3326.0,0.439,2.313,90.996,0.0,,,,0.0,1.0,0.0,0.211,,
3326.2,0.335,2.195,70.553,0.0,,,,0.0,1.0,0.0,0.212,,
3326.4,0.199,2.198,66.962,0.0,15.0,11.3,,25.11,0.598,0.0,0.141,-0.036,-0.208
3326.6,0.241,2.262,63.371,0.0,,,,21.34,0.596,0.204,0.147,,
3326.8,0.278,2.414,87.57,0.0,,,,11.73,0.677,0.557,0.153,,
3327.0,0.246,2.501,91.752,0.0,,,,6.61,0.831,0.603,0.167,,
3327.1,,,,,15.3,,,,,,,-0.276,
3327.2,0.152,2.494,72.308,0.0,,,,7.76,1.0,0.304,0.182,,
3327.4,0.132,2.477,43.624,0.0,15.0,,,8.98,1.0,0.221,0.167,-0.276,
3327.6,0.12,2.46,35.845,0.0,,,,10.15,1.0,0.154,0.152,,
3327.8,0.177,2.429,34.704,0.0,,,,11.6,0.83,0.278,0.149,,
3327.9,,,,,14.8,,,,,,,-0.201,
3328.0,0.195,2.445,48.423,0.0,,,,10.47,0.813,0.356,0.18,,
3328.2,0.155,2.458,64.144,0.0,,,,10.02,0.941,0.253,0.164,,
3328.4,0.134,2.432,51.649,0.0,16.8,17.3,,11.75,0.969,0.15,0.147,1.628,1.233
3328.6,0.127,2.407,35.201,0.0,,,,13.36,0.953,0.089,0.089,,
3328.8,0.142,2.367,38.596,0.0,,,,15.69,0.858,0.071,0.066,,
3328.9,,,,,17.5,,,,,,,,
3329.0,0.137,2.362,45.908,0.0,,,,16.07,0.862,0.047,0.068,,
3329.2,0.132,2.356,44.103,0.0,,,,16.46,0.865,0.024,0.069,,
3329.4,0.119,2.357,37.495,0.0,13.5,,,16.22,0.901,0.0,0.054,1.75,
3329.6,0.104,2.358,30.887,0.0,,,,15.46,0.949,0.0,0.04,,
3329.8,0.094,2.365,25.535,0.0,,,,14.73,0.999,0.0,0.036,,
3329.9,,,,,15.9,,,,,,,2.504,
3330.0,0.089,2.381,20.275,0.0,,,,13.95,1.0,0.0,0.035,,
3330.2,0.092,2.389,18.558,0.0,,,,13.83,1.0,0.0,0.035,,
3330.4,0.117,2.396,18.293,0.0,14.6,15.0,,14.1,0.993,0.04,0.045,2.507,2.398
3330.6,0.137,2.403,20.57,0.0,,,,13.51,0.938,0.114,0.054,,
3330.8,0.144,2.416,32.723,0.0,,,,12.68,0.926,0.155,0.085,,
3331.0,0.128,2.422,48.159,0.0,13.5,,,12.4,0.967,0.116,0.115,1.045,
3331.2,0.123,2.414,46.815,0.0,,,,12.97,0.95,0.085,0.108,,
3331.4,0.127,2.405,40.59,0.0,14.4,,,13.44,0.904,0.087,0.101,1.354,
3331.6,0.131,2.397,36.868,0.0,,,,13.95,0.862,0.086,0.093,,
3331.8,0.125,2.388,33.662,0.0,,,,14.54,0.859,0.052,0.086,,
3331.9,,,,,16.8,,,,,,,1.27,
3332.0,0.128,2.387,31.044,0.0,,,,14.6,0.85,0.059,0.07,,
3332.2,0.13,2.385,30.593,0.0,,,,14.66,0.853,0.065,0.061,,
3332.4,0.128,2.395,31.044,0.0,14.5,14.9,,14.09,0.894,0.074,0.051,0.316,0.634
3332.6,0.124,2.388,29.575,0.0,,,,14.57,0.908,0.05,0.049,,
3332.8,0.12,2.38,26.882,0.0,,,,15.06,0.924,0.025,0.046,,
3332.9,,,,,17.1,,,,,,,1.94,
3333.0,0.116,2.361,24.633,0.0,,,,15.94,0.916,0.0,0.044,,
3333.2,0.107,2.355,23.85,0.0,,,,15.73,0.94,0.0,0.044,,
3333.4,0.11,2.369,23.067,0.0,17.2,,,15.39,0.972,0.0,0.045,1.792,
3333.6,0.137,2.381,24.925,0.0,,,,15.16,0.94,0.06,0.045,,
3333.8,0.182,2.38,31.383,0.0,,,,14.58,0.835,0.214,0.07,,
3333.9,,,,,16.5,,,,,,,2.305,
3334.0,0.169,2.378,47.706,0.0,,,,14.83,0.868,0.166,0.094,,
3334.2,0.126,2.376,50.751,0.0,,,,15.26,0.972,0.036,0.132,,
3334.4,0.105,2.375,45.605,0.0,16.7,16.4,,14.95,1.0,0.0,0.104,2.983,2.083
3334.6,0.099,2.375,30.614,0.0,,,,14.66,1.0,0.0,0.069,,
3334.8,0.099,2.375,21.347,0.0,,,,14.63,1.0,0.0,0.061,,
3334.9,,,,,14.6,,,,,,,2.803,
3335.0,0.1,2.371,19.896,0.0,,,,14.83,1.0,0.0,0.052,,
3335.2,0.102,2.367,18.444,0.0,,,,15.03,1.0,0.0,0.044,,
3335.4,0.1,2.362,16.992,0.0,18.2,,,15.12,1.0,0.0,0.048,2.77,
3335.6,0.099,2.357,18.478,0.0,,,,15.21,0.987,0.0,0.051,,
3335.8,0.099,2.363,19.965,0.0,,,,15.0,0.979,0.0,0.055,,
3335.9,,,,,17.3,,,,,,,2.217,
3336.0,0.124,2.369,26.298,0.0,,,,15.69,0.9,0.02,0.062,,
3336.2,0.15,2.398,36.278,0.0,,,,13.71,0.876,0.143,0.092,,
3336.3,,,,,15.4,16.5,,,,,,2.671,2.748
3336.4,0.18,2.425,58.34,0.0,,,,11.82,0.828,0.28,0.148,,
3336.6,0.181,2.427,77.911,0.0,,,,11.68,0.812,0.286,0.197,,
3336.8,0.173,2.429,75.794,0.0,,,,11.63,0.819,0.262,0.212,,
3336.9,,,,,16.0,,,,,,,-0.444,
3337.0,0.166,2.417,68.153,0.0,,,,12.43,0.814,0.218,0.192,,
3337.2,0.153,2.41,59.843,0.0,,,,13.0,0.828,0.167,0.161,,
3337.4,0.14,2.402,52.116,0.0,16.4,,,13.55,0.84,0.12,0.129,-0.187,
3337.6,0.129,2.398,46.209,0.0,,,,13.87,0.846,0.083,0.119,,
3337.8,0.123,2.394,45.034,0.0,,,,14.17,0.842,0.057,0.109,,
3337.9,,,,,16.2,,,,,,,-0.066,
3338.0,0.121,2.397,43.837,0.0,,,,14.01,0.843,0.054,0.104,,
3338.2,0.133,2.4,42.64,0.0,,,,13.72,0.805,0.098,0.105,,
3338.4,0.14,2.403,45.058,0.0,14.5,14.2,,13.48,0.781,0.123,0.105,0.167,-0.174
3338.6,0.141,2.406,47.476,0.0,,,,13.28,0.771,0.132,0.106,,
3338.8,0.142,2.413,50.125,0.0,,,,12.87,0.782,0.145,0.119,,
3338.9,,,,,14.7,,,,,,,-0.387,
3339.0,0.144,2.417,51.376,0.0,,,,12.61,0.787,0.156,0.131,,
3339.2,0.145,2.419,52.626,0.0,,,,12.47,0.79,0.163,0.133,,
3339.4,0.15,2.421,53.876,0.0,15.2,,,12.31,0.796,0.179,0.135,-0.523,
3339.6,0.154,2.423,62.535,0.0,,,,12.13,0.795,0.195,0.159,,
3339.8,0.172,2.442,74.733,0.0,,,,10.82,0.788,0.281,0.183,,
3339.9,,,,,12.8,,,,,,,-0.745,
3340.0,0.228,2.486,82.663,0.0,,,,7.71,0.748,0.522,0.21,,
3340.2,0.283,2.512,88.62,0.0,,,,0.0,1.0,0.0,0.238,,
3340.4,0.425,2.49,87.573,0.0,,,,0.0,1.0,0.0,0.228,,
3340.6,0.467,2.306,79.816,0.0,,,,0.0,1.0,0.0,0.218,,
3340.8,0.496,1.957,65.895,27.0,,,,0.0,1.0,0.0,0.165,,
3341.0,0.53,1.759,58.111,27.0,,,,0.0,1.0,0.0,0.122,,
3341.2,0.544,1.628,50.328,27.0,,,,0.0,1.0,0.0,0.079,,
3341.4,0.533,1.528,50.584,27.0,,,,0.0,1.0,0.0,0.092,,
3341.6,0.522,1.531,60.913,27.0,,,,0.0,1.0,0.0,0.147,,
3341.8,0.502,1.563,74.622,27.0,,,,0.0,1.0,0.0,0.187,,
3342.0,0.4,1.831,75.933,27.0,,,,0.0,1.0,0.0,0.173,,
3342.2,0.283,1.989,64.109,27.0,,,,0.0,1.0,0.0,0.158,,
3342.4,0.207,2.152,47.784,27.0,18.6,17.9,,27.02,0.445,0.0,0.113,-0.149,-0.143
3342.6,0.201,2.239,47.961,0.0,,,,23.09,0.519,0.039,0.125,,
3342.8,0.196,2.318,48.138,0.0,,,,18.29,0.603,0.153,0.137,,
3342.9,,,,,17.7,,,,,,,-0.009,
3343.0,0.209,2.363,52.517,0.0,,,,15.41,0.656,0.259,0.155,,
3343.2,0.267,2.441,58.19,0.0,,,,10.18,0.687,0.559,0.174,,
3343.4,0.316,2.604,63.863,0.0,13.0,,,0.0,1.0,0.959,0.193,,
3343.6,0.337,2.706,82.195,0.0,,,,0.0,1.0,1.0,0.213,,
3343.8,0.344,2.708,89.302,0.0,,,,0.0,1.0,1.0,0.225,,
3344.0,0.352,2.672,96.41,0.0,,,,0.0,1.0,1.0,0.237,,
3344.2,0.359,2.65,102.156,0.0,,,,0.0,1.0,1.0,0.249,,
3344.4,0.37,2.622,104.623,0.0,,,,0.0,1.0,1.0,0.252,,
3344.6,0.381,2.58,107.09,0.0,,,,0.0,1.0,1.0,0.254,,
3344.8,0.414,2.489,104.953,0.0,,,,0.0,1.0,1.0,0.257,,
3345.0,0.431,2.336,98.987,0.0,,,,3.22,0.984,0.893,0.239,,
3345.2,0.363,2.239,93.22,0.0,,,,14.55,0.671,0.515,0.223,,
3345.4,0.33,2.218,87.453,0.0,,,,18.02,0.599,0.399,0.232,,
3345.6,0.305,2.381,92.169,0.0,,,,12.4,0.662,0.587,0.238,,
3345.8,0.3,2.517,96.884,0.0,,,,5.15,0.823,0.795,0.244,,
3346.0,0.309,2.548,99.114,0.0,,,,3.25,0.873,0.86,0.25,,
3346.2,0.311,2.559,101.343,0.0,,,,2.5,0.908,0.886,0.249,,
3346.4,0.313,2.546,100.128,0.0,,,,3.3,0.879,0.869,0.249,,
3346.6,0.316,2.533,100.576,0.0,,,,4.09,0.851,0.857,0.248,,
3346.8,0.319,2.544,101.024,0.0,,,,3.39,0.878,0.884,0.251,,
3347.0,0.306,2.555,100.159,0.0,,,,2.8,0.922,0.871,0.255,,
3347.2,0.272,2.555,99.016,0.0,,,,3.09,0.979,0.762,0.253,,
3347.4,0.241,2.555,92.517,0.0,,,,3.31,1.0,0.674,0.252,,
3347.6,0.211,2.565,86.926,0.0,,,,2.85,1.0,0.591,0.24,,
3347.8,0.203,2.556,81.26,0.0,,,,3.55,1.0,0.553,0.228,,
3348.0,0.22,2.546,72.298,0.0,,,,4.06,1.0,0.587,0.197,,
3348.2,0.253,2.516,69.149,0.0,,,,5.64,0.851,0.646,0.19,,
3348.4,0.273,2.509,66.001,0.0,13.5,15.5,,6.45,0.79,0.661,0.181,-0.009,0.149
3348.6,0.198,2.484,65.996,0.0,,,,8.07,0.877,0.426,0.13,,
3348.8,0.155,2.419,32.375,0.0,,,,12.41,0.87,0.19,0.095,,
3348.9,,,,,13.4,,,,,,,3.143,
3349.0,0.126,2.367,21.304,0.0,,,,15.84,0.837,0.023,0.069,,
3349.2,0.11,2.372,22.09,0.0,,,,15.32,0.882,0.0,0.059,,
3349.4,0.115,2.376,30.699,0.0,14.2,,,15.33,0.877,0.003,0.049,2.679,
3349.6,0.119,2.388,44.523,0.0,,,,14.55,0.893,0.037,0.064,,
3349.8,0.14,2.41,58.094,0.0,,,,13.07,0.885,0.134,0.082,,
3349.9,,,,,14.2,,,,,,,1.894,
3350.0,0.17,2.431,71.665,0.0,,,,11.51,0.868,0.256,0.121,,
3350.2,0.234,2.473,81.336,0.0,,,,8.43,0.812,0.523,0.175,,
3350.4,0.333,2.527,92.642,0.0,4.1,4.6,,0.0,1.0,0.0,0.21,,-1.398
3350.6,0.422,2.533,97.83,0.0,,,,0.0,1.0,0.0,0.243,,
3350.8,0.459,2.424,98.955,0.0,,,,0.0,1.0,0.0,0.248,,
3350.9,,,,,6.3,,,,,,,,
3351.0,0.404,2.218,100.079,0.0,,,,0.0,1.0,0.0,0.243,,
3351.2,0.321,2.217,91.252,0.0,,,,0.0,1.0,0.0,0.238,,
3351.4,0.277,2.356,88.607,0.0,,,,0.0,1.0,0.0,0.233,,
3351.5,,,,,8.7,,,,,,,-0.585,
3351.6,0.196,2.477,79.582,0.0,,,,8.47,0.881,0.41,0.232,,
3351.8,0.212,2.514,63.547,0.0,10.3,,,6.1,0.899,0.511,0.222,,
3352.0,0.322,2.504,60.01,0.0,,,,0.0,1.0,0.0,0.212,,
3352.2,0.387,2.437,74.751,0.0,,,,0.0,1.0,0.0,0.219,,
3352.4,0.405,2.231,87.126,0.0,,,,0.0,1.0,0.0,0.224,,
3352.6,0.315,2.129,83.331,0.0,,,,0.0,1.0,0.0,0.236,,
3352.8,0.304,2.236,84.671,0.0,,,,0.0,1.0,0.0,0.249,,
3353.0,0.292,2.392,89.95,0.0,,,,12.88,0.644,0.571,0.263,,
3353.1,,,,,8.8,,,,,,,,
3353.2,0.281,2.548,89.028,0.0,,,,3.45,0.941,0.784,0.264,,
3353.4,0.288,2.578,87.096,0.0,,,,1.52,1.0,0.856,0.254,,
3353.6,0.301,2.61,85.164,0.0,,,,0.0,1.0,0.927,0.244,,
3353.8,0.301,2.659,82.178,0.0,,,,0.0,1.0,0.923,0.235,,
3354.0,0.307,2.715,81.88,0.0,,,,0.0,1.0,0.94,0.236,,
3354.2,0.316,2.714,87.881,0.0,,,,0.0,1.0,0.959,0.238,,
3354.4,0.31,2.675,95.896,0.0,,,,0.0,1.0,0.943,0.269,,
3354.6,0.296,2.636,101.798,0.0,,,,0.0,1.0,0.911,0.281,,
3354.8,0.3,2.613,106.738,0.0,,,,0.0,1.0,0.922,0.292,,
3355.0,0.36,2.582,104.958,0.0,,,,0.0,1.0,1.0,0.289,,
3355.2,0.368,2.509,103.178,0.0,,,,0.0,1.0,0.97,0.286,,
3355.4,0.349,2.423,100.605,0.0,,,,6.17,0.896,0.794,0.285,,
3355.6,0.308,2.38,99.297,0.0,,,,12.26,0.741,0.591,0.284,,
3355.8,0.277,2.513,97.988,0.0,,,,5.61,0.94,0.716,0.283,,
3355.9,,,,,7.3,,,,,,,-0.276,
3356.0,0.274,2.575,94.835,0.0,,,,1.87,1.0,0.801,0.281,,
3356.2,0.295,2.615,93.789,0.0,,,,0.0,1.0,0.91,0.269,,
3356.4,0.351,2.619,96.218,0.0,,,,0.0,1.0,1.0,0.283,,
3356.6,0.372,2.592,99.622,0.0,,,,0.0,1.0,1.0,0.298,,
3356.8,0.351,2.542,107.795,0.0,,,,0.0,1.0,0.989,0.302,,
3357.0,0.296,2.514,110.801,0.0,3.5,,,5.38,0.951,0.782,0.306,-1.699,
3357.2,0.28,2.573,102.885,0.0,,,,1.89,1.0,0.823,0.276,,
3357.4,0.309,2.63,100.027,0.0,,,,0.0,1.0,0.939,0.265,,
3357.6,0.356,2.613,97.168,0.0,,,,0.0,1.0,1.0,0.255,,
3357.8,0.41,2.507,96.037,0.0,,,,0.0,1.0,1.0,0.244,,
3358.0,0.357,2.251,94.906,0.0,,,,14.05,0.645,0.532,0.243,,
3358.2,0.293,2.291,94.472,0.0,,,,17.61,0.581,0.413,0.241,,
3358.4,0.247,2.352,87.267,0.0,13.2,13.3,,15.76,0.632,0.367,0.24,-0.328,-0.854
3358.6,0.193,2.461,77.274,0.0,,,,9.51,0.848,0.376,0.221,,
3358.8,0.174,2.463,65.273,0.0,,,,9.5,0.875,0.322,0.183,,
3359.0,0.188,2.439,49.349,0.0,,,,10.88,0.788,0.328,0.144,,
3359.2,0.189,2.424,47.564,0.0,14.4,,,11.83,0.754,0.306,0.123,0.84,
3359.4,0.183,2.401,46.395,0.0,19.3,,,13.25,0.744,0.251,0.104,,
3359.6,0.199,2.352,42.03,0.0,,,,16.14,0.668,0.216,0.084,,
3359.8,0.285,2.31,41.14,0.0,,,,17.57,0.558,0.414,0.106,,
3360.0,0.348,2.282,50.579,0.0,,,,13.11,0.636,0.563,0.157,,
3360.2,0.407,2.319,73.767,0.0,,,,6.35,0.791,0.788,0.19,,
3360.4,0.404,2.4,83.842,0.0,,,,2.77,0.938,0.908,0.222,,
3360.6,0.424,2.444,93.918,0.0,,,,0.0,1.0,1.0,0.242,,
3360.8,0.445,2.417,97.637,0.0,,,,0.0,1.0,1.0,0.262,,
3361.0,0.465,2.321,90.56,0.0,,,,0.0,1.0,0.976,0.261,,
3361.2,0.45,2.177,83.843,0.0,,,,9.2,0.768,0.693,0.242,,
3361.4,0.411,2.129,84.374,0.0,,,,15.23,0.666,0.493,0.252,,
3361.6,0.352,2.17,88.798,0.0,,,,18.31,0.629,0.39,0.262,,
3361.8,0.324,2.309,94.84,0.0,,,,14.41,0.677,0.52,0.272,,
3362.0,0.329,2.444,96.669,0.0,,,,7.26,0.814,0.758,0.275,,
3362.2,0.334,2.553,95.849,0.0,,,,0.0,1.0,0.951,0.277,,
3362.4,0.346,2.617,92.113,0.0,,,,2.01,0.964,0.919,0.252,,
3362.6,0.332,2.648,88.378,0.0,,,,3.07,0.966,0.777,0.228,,
3362.8,0.227,2.613,75.903,0.0,,,,1.97,1.0,0.616,0.18,,
3363.0,0.154,2.519,54.836,0.0,,,,6.5,1.0,0.333,0.131,,
3363.2,0.144,2.436,32.716,0.0,,,,11.42,0.91,0.187,0.085,,
3363.4,0.168,2.382,40.786,0.0,,,,14.54,0.752,0.17,0.093,,
3363.6,0.227,2.421,55.921,0.0,,,,11.68,0.716,0.414,0.148,,
3363.7,,,,,15.5,17.4,,,,,,1.839,1.829
3363.8,0.321,2.46,74.023,0.0,,,,7.45,0.725,0.752,0.205,,
3364.0,0.348,2.514,97.753,0.0,,,,1.91,0.936,0.936,0.305,,
3364.2,0.331,2.564,96.38,0.0,15.7,,,0.0,1.0,0.961,0.32,,
3364.4,0.302,2.594,88.075,0.0,,,,0.38,1.0,0.924,0.298,,
3364.6,0.269,2.599,73.694,0.0,,,,0.51,1.0,0.813,0.251,,
3364.8,0.246,2.564,60.77,0.0,,,,3.91,0.981,0.635,0.204,,
3365.0,0.222,2.496,48.233,0.0,,,,8.26,0.852,0.449,0.152,,
3365.2,0.202,2.425,40.517,0.0,,,,12.52,0.75,0.288,0.127,,
3365.4,0.187,2.37,34.155,0.0,,,,15.74,0.673,0.177,0.102,,
3365.6,0.173,2.358,32.796,0.0,,,,15.97,0.674,0.149,0.089,,
3365.7,,,,,10.8,,,,,,,,
3365.8,0.162,2.347,31.438,0.0,,,,16.79,0.669,0.094,0.075,,
3366.0,0.179,2.363,36.661,0.0,,,,15.65,0.649,0.177,0.101,,
3366.2,0.223,2.414,47.91,0.0,14.3,,,12.15,0.67,0.39,0.128,-0.125,
3366.4,0.275,2.564,67.94,0.0,,,,2.48,0.887,0.791,0.165,,
3366.6,0.316,2.665,82.992,0.0,,,,0.0,1.0,0.952,0.198,,
3366.8,0.325,2.655,91.618,0.0,,,,0.0,1.0,0.992,0.225,,
3367.0,0.355,2.622,92.978,0.0,,,,0.0,1.0,1.0,0.252,,
3367.2,0.384,2.557,94.339,0.0,,,,0.0,1.0,1.0,0.252,,
3367.4,0.406,2.447,95.699,0.0,,,,0.0,1.0,0.989,0.252,,
3367.6,0.373,2.345,92.299,0.0,,,,8.33,0.736,0.723,0.251,,
3367.8,0.205,2.294,88.899,0.0,,,,19.69,0.644,0.136,0.229,,
3368.0,0.172,2.376,76.106,0.0,,,,14.9,0.722,0.176,0.207,,
3368.2,0.189,2.448,63.312,0.0,8.6,,,10.33,0.722,0.345,0.177,-0.796,
3368.4,0.305,2.468,48.418,0.0,,,,0.0,1.0,0.0,0.146,,
3368.6,0.429,2.123,45.105,0.0,,,,0.0,1.0,0.0,0.12,,
3368.8,0.463,1.798,52.052,0.0,,,,0.0,1.0,0.0,0.134,,
3369.0,0.412,1.681,66.393,0.0,,,,0.0,1.0,0.0,0.149,,
3369.2,0.385,1.902,91.906,0.0,,,,0.0,1.0,0.0,0.211,,
3369.4,0.358,2.241,90.578,0.0,,,,0.0,1.0,0.0,0.218,,
3369.6,0.314,2.458,89.25,0.0,,,,0.0,1.0,0.0,0.225,,
3369.8,0.283,2.5,81.928,0.0,,,,6.37,0.76,0.713,0.223,,
3370.0,0.285,2.585,77.896,0.0,,,,1.93,0.946,0.81,0.22,,
3370.2,0.294,2.664,73.863,0.0,5.5,,,2.66,1.0,0.689,0.218,-1.699,
3370.4,0.311,2.731,73.557,0.0,,,,0.0,1.0,0.782,0.225,,
3370.6,0.352,2.726,80.866,0.0,,,,0.0,1.0,0.961,0.232,,
3370.8,0.376,2.664,94.504,0.0,,,,0.0,1.0,1.0,0.263,,
3371.0,0.369,2.556,95.095,0.0,,,,0.0,1.0,1.0,0.272,,
3371.2,0.369,2.462,95.686,0.0,,,,2.97,0.911,0.901,0.281,,
3371.4,0.401,2.441,97.154,0.0,,,,0.0,1.0,0.966,0.29,,
3371.6,0.424,2.423,98.622,0.0,,,,0.0,1.0,1.0,0.292,,
3371.8,0.427,2.336,98.75,0.0,,,,3.62,0.945,0.879,0.295,,
3372.0,0.43,2.231,98.879,0.0,,,,8.45,0.816,0.718,0.297,,
3372.2,0.43,2.21,99.241,0.0,,,,9.43,0.811,0.686,0.299,,
3372.4,0.426,2.246,99.604,0.0,,,,8.12,0.845,0.729,0.299,,
3372.6,0.4,2.289,98.517,0.0,,,,8.53,0.837,0.716,0.298,,
3372.8,0.355,2.342,97.431,0.0,,,,9.81,0.784,0.673,0.298,,
3373.0,0.271,2.423,87.246,0.0,,,,11.2,0.775,0.548,0.255,,
3373.2,0.268,2.481,71.037,0.0,12.4,10.3,,7.71,0.852,0.626,0.221,,0.117
3373.4,0.271,2.539,54.355,0.0,,,,4.53,0.917,0.706,0.179,,
3373.6,0.258,2.602,38.027,0.0,,,,1.03,1.0,0.757,0.136,,
3373.8,0.226,2.617,32.361,0.0,,,,0.41,1.0,0.682,0.118,,
3374.0,0.199,2.629,29.896,0.0,,,,0.35,1.0,0.593,0.1,,
3374.2,0.151,2.604,27.432,0.0,0.6,,,1.41,1.0,0.442,0.081,,
3374.4,0.12,2.556,27.827,0.0,,,,4.02,1.0,0.31,0.062,,
3374.6,0.118,2.494,28.221,0.0,,,,7.99,0.922,0.204,0.073,,
3374.7,,,,,11.3,,,,,,,1.843,
3374.8,0.141,2.466,36.568,0.0,,,,9.59,0.747,0.228,0.085,,
3375.0,0.204,2.474,49.143,0.0,,,,8.6,0.618,0.425,0.114,,
3375.2,0.303,2.48,63.48,0.0,6.9,10.6,,0.0,1.0,0.484,0.144,-1.155,-1.046
3375.4,0.408,2.419,74.304,0.0,,,,0.0,1.0,0.497,0.173,,
3375.6,0.437,2.26,82.873,0.0,,,,0.0,1.0,0.536,0.192,,
3375.8,0.402,2.075,89.83,0.0,,,,0.0,1.0,0.377,0.211,,
3376.0,0.301,2.069,90.336,0.0,,,,0.0,1.0,0.074,0.201,,
3376.2,0.266,2.199,81.7,0.0,,,,0.0,1.0,0.164,0.192,,
3376.4,0.23,2.34,68.615,0.0,,,,0.0,1.0,0.295,0.179,,
3376.6,0.25,2.412,60.603,0.0,,,,12.07,0.552,0.47,0.166,,
3376.7,,,,,11.6,,,,,,,-0.42,
3376.8,0.289,2.483,59.616,0.0,,,,9.86,0.554,0.55,0.168,,
3377.0,0.34,2.555,58.628,0.0,,,,11.18,0.515,0.513,0.17,,
3377.2,0.342,2.56,60.206,0.0,13.8,14.3,,11.46,0.498,0.493,0.172,-0.444,-0.658
3377.4,0.343,2.512,61.783,0.0,,,,12.38,0.486,0.516,0.195,,
3377.6,0.344,2.476,70.389,0.0,,,,12.67,0.484,0.558,0.218,,
3377.8,0.343,2.518,85.894,0.0,,,,10.0,0.556,0.635,0.241,,
3378.0,0.342,2.561,94.822,0.0,,,,7.12,0.649,0.722,0.247,,
3378.2,0.312,2.584,97.513,0.0,,,,3.92,0.78,0.77,0.253,,
3378.4,0.291,2.606,95.574,0.0,,,,1.52,0.909,0.821,0.259,,
3378.6,0.301,2.639,93.735,0.0,,,,0.2,1.0,0.874,0.265,,
3378.8,0.323,2.649,91.895,0.0,,,,0.0,1.0,0.919,0.278,,
3379.0,0.344,2.614,95.709,0.0,,,,0.0,1.0,0.96,0.291,,
3379.2,0.384,2.539,96.967,0.0,,,,0.0,1.0,1.0,0.282,,
3379.4,0.38,2.461,98.225,0.0,,,,1.74,0.923,0.942,0.272,,
3379.6,0.347,2.384,94.75,0.0,,,,8.31,0.726,0.723,0.263,,
3379.8,0.261,2.384,91.126,0.0,,,,13.71,0.682,0.445,0.253,,
3380.0,0.253,2.506,87.501,0.0,,,,6.21,0.861,0.629,0.252,,
3380.2,0.329,2.549,86.501,0.0,,,,0.0,1.0,0.0,0.256,,
3380.4,0.401,2.486,89.303,0.0,,,,0.0,1.0,0.0,0.26,,
3380.6,0.431,2.335,92.105,0.0,,,,0.0,1.0,0.0,0.264,,
3380.8,0.407,2.26,93.005,0.0,,,,0.0,1.0,0.0,0.255,,
3381.0,0.317,2.389,93.904,0.0,,,,0.0,1.0,0.0,0.247,,
3381.2,0.229,2.479,82.876,0.0,,,,8.07,0.85,0.517,0.239,,
3381.4,0.189,2.517,69.785,0.0,,,,6.04,0.984,0.455,0.232,,
3381.6,0.203,2.555,66.887,0.0,,,,3.58,1.0,0.552,0.226,,
3381.8,0.305,2.529,63.989,0.0,,,,5.53,0.729,0.755,0.22,,
3382.0,0.365,2.491,70.664,0.0,,,,6.66,0.666,0.778,0.213,,
3382.2,0.346,2.393,78.861,0.0,,,,8.05,0.655,0.732,0.229,,
3382.4,0.321,2.375,84.988,0.0,,,,11.53,0.611,0.616,0.244,,
3382.5,,,,,6.4,,,,,,,-0.921,
3382.6,0.305,2.516,91.114,0.0,,,,5.25,0.768,0.802,0.251,,
3382.8,0.318,2.596,92.344,0.0,,,,0.0,1.0,0.952,0.257,,
3383.0,0.305,2.609,93.575,0.0,,,,0.0,1.0,0.935,0.264,,
3383.2,0.294,2.621,93.765,0.0,,,,0.0,1.0,0.905,0.271,,
3383.4,0.295,2.634,93.954,0.0,,,,0.0,1.0,0.91,0.278,,
3383.6,0.298,2.641,94.144,0.0,,,,0.0,1.0,0.916,0.285,,
3383.8,0.301,2.631,95.539,0.0,,,,0.0,1.0,0.924,0.287,,
3384.0,0.296,2.615,96.935,0.0,,,,0.0,1.0,0.912,0.288,,
3384.2,0.292,2.598,93.909,0.0,,,,0.3,1.0,0.895,0.29,,
3384.4,0.295,2.582,93.075,0.0,,,,1.19,1.0,0.887,0.291,,
3384.6,0.308,2.589,92.242,0.0,,,,0.73,1.0,0.925,0.293,,
3384.8,0.322,2.595,91.408,0.0,,,,0.0,1.0,0.972,0.297,,
3385.0,0.333,2.623,94.007,0.0,,,,0.0,1.0,1.0,0.301,,
3385.1,,,,,5.4,,,,,,,,
3385.2,0.344,2.632,96.606,0.0,,,,0.0,1.0,1.0,0.306,,
3385.4,0.351,2.598,99.286,0.0,,,,0.0,1.0,1.0,0.308,,
3385.6,0.347,2.562,101.965,0.0,,,,0.0,1.0,1.0,0.31,,
3385.8,0.329,2.521,101.226,0.0,,,,3.47,0.97,0.885,0.312,,
3386.0,0.307,2.547,100.487,0.0,,,,3.28,0.971,0.855,0.299,,
3386.2,0.309,2.586,99.678,0.0,,,,0.91,1.0,0.922,0.296,,
3386.4,0.312,2.635,98.87,0.0,,,,0.0,1.0,0.942,0.292,,
3386.6,0.31,2.644,98.062,0.0,,,,0.0,1.0,0.943,0.289,,
3386.8,0.308,2.621,97.254,0.0,,,,0.0,1.0,0.936,0.294,,
3387.0,0.306,2.587,100.833,0.0,,,,0.83,1.0,0.92,0.299,,
3387.2,0.296,2.583,101.76,0.0,,,,1.12,1.0,0.89,0.304,,
3387.4,0.286,2.58,102.686,0.0,,,,1.42,1.0,0.854,0.309,,
3387.6,0.287,2.6,98.252,0.0,,,,0.3,1.0,0.878,0.297,,
3387.8,0.287,2.62,92.866,0.0,,,,0.0,1.0,0.879,0.284,,
3388.0,0.301,2.64,94.476,0.0,,,,0.0,1.0,0.924,0.284,,
3388.2,0.315,2.651,96.086,0.0,,,,0.0,1.0,0.955,0.283,,
3388.4,0.301,2.663,97.092,0.0,,,,0.0,1.0,0.925,0.283,,
3388.6,0.283,2.679,98.098,0.0,,,,0.0,1.0,0.866,0.282,,
3388.8,0.265,2.673,96.826,0.0,,,,0.0,1.0,0.795,0.265,,
3389.0,0.253,2.668,90.684,0.0,,,,0.0,1.0,0.766,0.248,,
3389.2,0.241,2.658,79.319,0.0,,,,0.0,1.0,0.733,0.23,,
3389.4,0.192,2.629,67.953,0.0,,,,0.41,1.0,0.575,0.197,,
3389.5,,,,,11.7,,,,,,,0.037,
3389.6,0.173,2.599,55.664,0.0,,,,1.84,1.0,0.493,0.163,,
3389.8,0.179,2.562,46.156,0.0,,,,3.26,0.954,0.5,0.16,,
3389.9,,,,,11.8,11.4,,,,,,-0.229,-0.699
3390.0,0.186,2.568,48.675,0.0,,,,2.82,0.935,0.529,0.176,,
3390.2,0.234,2.574,68.243,0.0,,,,3.06,0.841,0.634,0.193,,
3390.4,0.276,2.605,85.359,0.0,,,,3.46,0.81,0.679,0.217,,
3390.6,0.3,2.605,96.856,0.0,,,,0.0,0.828,0.0,0.242,,
3390.8,0.384,2.572,99.673,0.0,,,,0.0,0.777,0.0,0.241,,
3391.0,0.45,2.518,98.035,0.0,,,,0.0,0.872,0.0,0.241,,
3391.2,0.479,2.445,96.396,0.0,,,,0.0,1.0,0.0,0.241,,
3391.4,0.447,2.327,92.601,0.0,,,,0.0,0.914,0.0,0.244,,
3391.6,0.401,2.152,91.887,0.0,,,,0.0,0.628,0.0,0.247,,
3391.8,0.375,2.125,96.202,0.0,,,,0.0,0.587,0.0,0.25,,
3392.0,0.369,2.367,100.08,0.0,,,,0.0,0.772,0.0,0.271,,
3392.2,0.359,2.453,101.337,0.0,,,,4.2,0.846,0.86,0.266,,
3392.4,0.338,2.5,99.443,0.0,,,,3.5,0.846,0.882,0.268,,
3392.6,0.317,2.546,93.811,0.0,,,,3.3,0.836,0.879,0.271,,
3392.8,0.312,2.547,93.579,0.0,,,,6.2,0.681,0.702,0.273,,
3393.0,0.352,2.513,92.471,0.0,,,,0.0,1.0,0.0,0.266,,
3393.2,0.42,2.331,71.21,0.0,,,,0.0,1.0,0.0,0.221,,
3393.4,0.497,1.967,47.123,27.0,,,,0.0,1.0,0.0,0.175,,
3393.6,0.589,1.846,32.691,27.0,,,,0.0,1.0,0.0,0.118,,
3393.8,0.465,1.698,32.996,27.0,,,,0.0,1.0,0.0,0.1,,
3394.0,0.33,1.793,33.3,27.0,16.3,17.5,4.0,0.0,1.0,0.0,0.103,2.0,1.846
3394.2,0.23,2.243,33.206,27.0,,,,22.61,0.353,0.137,0.106,,
3394.4,0.198,2.354,33.111,0.0,,,,16.03,0.517,0.216,0.108,,
3394.5,,,,,16.3,,,,,,,1.736,
3394.6,0.165,2.406,33.895,0.0,,,,13.12,0.686,0.2,0.111,,
3394.8,0.157,2.388,34.679,0.0,,,,14.3,0.732,0.144,0.125,,
3395.0,0.148,2.371,35.253,0.0,17.5,,,15.44,0.772,0.09,0.139,1.698,
3395.2,0.148,2.353,35.826,0.0,,,,16.52,0.796,0.062,0.153,,
3395.4,0.147,2.35,36.399,0.0,,,,16.73,0.812,0.056,0.155,,
3395.5,,,,,18.0,,,,,,,2.124,
3395.6,0.147,2.346,36.971,0.0,,,,16.94,0.813,0.05,0.158,,
3395.8,0.144,2.348,37.543,0.0,,,,16.86,0.827,0.044,0.159,,
3396.0,0.14,2.35,37.558,0.0,17.8,18.0,,16.78,0.843,0.035,0.16,2.225,0.972
3396.2,0.137,2.352,37.573,0.0,,,,16.69,0.855,0.029,0.16,,
3396.4,0.137,2.365,38.64,0.0,,,,15.87,0.881,0.052,0.159,,
3396.5,,,,,17.4,,,,,,,2.283,
3396.6,0.138,2.367,38.872,0.0,,,,15.76,0.886,0.057,0.157,,
3396.8,0.139,2.367,39.105,0.0,,,,15.73,0.883,0.06,0.155,,
3397.0,0.14,2.367,38.386,0.0,15.0,,,15.7,0.878,0.064,0.153,1.348,
3397.2,0.141,2.358,37.667,0.0,,,,16.24,0.857,0.054,0.152,,
3397.4,0.141,2.35,36.948,0.0,,,,16.77,0.84,0.039,0.149,,
3397.5,,,,,16.7,,,,,,,2.013,
3397.6,0.141,2.357,38.725,0.0,,,,16.32,0.856,0.051,0.147,,
3397.8,0.148,2.364,38.798,0.0,,,,15.81,0.857,0.083,0.145,,
3398.0,0.156,2.368,38.871,0.0,16.8,17.2,,15.53,0.851,0.11,0.142,1.821,1.922
3398.2,0.165,2.359,36.893,0.0,,,,16.0,0.82,0.125,0.14,,
3398.4,0.164,2.35,36.046,0.0,,,,16.56,0.821,0.105,0.137,,
3398.5,,,,,19.1,,,,,,,1.804,
3398.6,0.166,2.343,35.612,0.0,,,,16.98,0.818,0.1,0.144,,
3398.8,0.168,2.344,33.663,0.0,,,,16.91,0.815,0.107,0.151,,
3399.0,0.172,2.341,32.575,0.0,,,,17.07,0.798,0.119,0.145,,
3399.1,,,,,17.8,16.6,,,,,,2.004,0.94
3399.2,0.181,2.382,31.486,0.0,,,,14.63,0.84,0.203,0.139,,
3399.4,0.19,2.417,33.458,0.0,,,,13.86,0.881,0.198,0.132,,
3399.5,,,,,17.2,,,,,,,1.71,
3399.6,0.202,2.46,33.666,0.0,,,,12.68,0.931,0.206,0.123,,
3399.8,0.209,2.468,33.874,0.0,,,,12.48,0.928,0.213,0.114,,
3400.0,0.204,2.454,30.518,0.0,16.9,,,12.11,0.9,0.255,0.112,1.911,
3400.2,0.199,2.441,31.57,0.0,,,,12.02,0.872,0.279,0.109,,
3400.4,0.191,2.424,40.498,0.0,,,,11.81,0.837,0.311,0.106,,
3400.5,,,,,19.9,,,,,,,1.623,
3400.6,0.193,2.42,54.22,0.0,,,,12.01,0.81,0.311,0.104,,
3400.8,0.208,2.459,69.688,0.0,,,,9.52,0.813,0.411,0.109,,
3401.0,0.21,2.497,81.841,0.0,11.0,11.9,,7.17,0.846,0.476,0.114,-0.387,-0.42
3401.2,0.211,2.533,90.829,0.0,,,,4.9,0.92,0.538,0.119,,
3401.4,0.212,2.57,84.042,0.0,,,,2.53,1.0,0.602,0.13,,
3401.5,,,,,9.7,,,,,,,-0.495,
3401.6,0.206,2.576,55.21,0.0,,,,2.18,1.0,0.595,0.141,,
3401.8,0.201,2.51,39.726,0.0,,,,6.39,0.965,0.475,0.145,,
3402.0,0.186,2.457,38.429,0.0,18.6,,,9.83,0.93,0.348,0.14,2.622,
3402.2,0.171,2.386,37.133,0.0,,,,14.31,0.889,0.185,0.147,,
3402.4,0.168,2.34,34.658,0.0,,,,17.15,0.868,0.101,0.15,,
3402.5,,,,,20.1,,,,,,,2.592,
3402.6,0.164,2.326,33.806,0.0,,,,18.04,0.887,0.069,0.152,,
3402.8,0.171,2.312,32.956,0.0,,,,18.84,0.865,0.068,0.148,,
3403.0,0.178,2.338,32.104,0.0,19.3,19.0,,17.2,0.89,0.133,0.144,2.846,2.658
3403.2,0.173,2.357,32.335,0.0,,,,16.07,0.934,0.146,0.147,,
3403.4,0.169,2.358,32.566,0.0,,,,16.06,0.949,0.13,0.149,,
3403.5,,,,,19.2,,,,,,,2.822,
3403.6,0.163,2.355,32.797,0.0,,,,16.32,0.95,0.108,0.151,,
3403.8,0.169,2.351,34.139,0.0,,,,16.49,0.927,0.119,0.154,,
3404.0,0.167,2.348,35.481,0.0,19.3,,,16.72,0.92,0.107,0.165,2.258,
3404.2,0.157,2.343,35.103,0.0,,,,17.07,0.928,0.072,0.177,,
3404.4,0.143,2.344,35.123,0.0,,,,17.09,0.945,0.035,0.174,,
3404.5,,,,,17.5,,,,,,,2.265,
3404.6,0.139,2.346,35.144,0.0,,,,17.04,0.944,0.024,0.175,,
3404.8,0.134,2.347,37.21,0.0,,,,17.02,0.943,0.012,0.175,,
3405.0,0.132,2.334,39.276,0.0,18.3,17.9,,17.61,0.911,0.0,0.186,2.767,2.698
3405.2,0.136,2.331,39.576,0.0,,,,17.84,0.892,0.0,0.197,,
3405.4,0.139,2.336,39.876,0.0,,,,17.64,0.886,0.011,0.2,,
3405.5,,,,,15.5,,,,,,,2.573,
3405.6,0.135,2.333,40.14,0.0,,,,17.75,0.88,0.0,0.202,,
3405.8,0.134,2.331,41.092,0.0,,,,17.79,0.871,0.0,0.205,,
3406.0,0.132,2.323,42.044,0.0,18.7,,,17.99,0.858,0.0,0.208,2.493,
3406.2,0.135,2.328,42.709,0.0,,,,17.93,0.858,0.0,0.208,,
3406.4,0.137,2.331,43.373,0.0,,,,17.92,0.855,0.0,0.208,,
3406.5,,,,,17.1,,,,,,,2.14,
3406.6,0.139,2.334,41.465,0.0,,,,17.77,0.854,0.009,0.208,,
3406.8,0.136,2.337,39.557,0.0,,,,17.6,0.869,0.004,0.208,,
3407.0,0.133,2.343,38.599,0.0,18.1,17.5,,17.25,0.891,0.004,0.208,2.539,2.45
3407.2,0.133,2.349,37.642,0.0,,,,16.87,0.907,0.016,0.209,,
3407.4,0.134,2.344,39.029,0.0,,,,17.18,0.907,0.009,0.21,,
3407.5,,,,,15.4,,,,,,,2.033,
3407.6,0.134,2.339,40.416,0.0,,,,17.5,0.897,0.002,0.21,,
3407.8,0.133,2.328,39.853,0.0,,,,17.83,0.882,0.0,0.208,,
3408.0,0.132,2.327,39.29,0.0,18.2,,,17.81,0.878,0.0,0.205,2.583,
3408.2,0.13,2.336,40.616,0.0,,,,17.46,0.89,0.0,0.203,,
3408.4,0.136,2.346,41.942,0.0,,,,17.03,0.89,0.019,0.2,,
3408.5,,,,,17.4,,,,,,,2.228,
3408.6,0.141,2.355,42.361,0.0,,,,16.41,0.89,0.05,0.208,,
3408.8,0.139,2.354,42.781,0.0,,,,16.53,0.886,0.039,0.215,,
3409.0,0.135,2.344,41.331,0.0,17.4,17.1,,17.13,0.872,0.015,0.22,2.632,2.592
3409.2,0.132,2.333,39.88,0.0,,,,17.63,0.857,0.0,0.225,,
3409.4,0.134,2.33,41.824,0.0,,,,17.82,0.834,0.0,0.23,,
3409.6,0.136,2.333,44.896,0.0,,,,17.8,0.822,0.0,0.24,,
3409.8,0.13,2.369,47.968,0.0,,,,15.67,0.859,0.039,0.25,,
3410.0,0.124,2.425,52.485,0.0,2.1,4.7,,12.28,0.95,0.109,0.261,-1.222,-2.0
3410.2,0.129,2.595,55.34,0.0,,,,1.82,1.0,0.376,0.268,,
3410.4,0.134,2.691,57.656,0.0,,,,0.0,1.0,0.391,0.275,,
3410.5,,,,,2.4,,,,,,,-1.699,
3410.6,0.138,2.691,59.972,0.0,,,,0.0,1.0,0.404,0.306,,
3410.8,0.142,2.66,67.062,0.0,,,,0.06,1.0,0.417,0.336,,
3411.0,0.147,2.61,68.234,0.0,8.5,,,1.95,0.821,0.401,0.367,-0.347,
3411.2,0.143,2.57,69.406,0.0,,,,3.25,0.697,0.387,0.371,,
3411.4,0.139,2.541,70.39,0.0,,,,4.88,0.609,0.343,0.376,,
3411.5,,,,,8.5,,,,,,,-0.367,
3411.6,0.141,2.54,71.375,0.0,,,,4.91,0.608,0.347,0.38,,
3411.8,0.146,2.548,72.359,0.0,,,,4.36,0.618,0.373,0.385,,
3412.0,0.145,2.552,72.082,0.0,8.9,9.0,,4.12,0.639,0.377,0.385,-0.745,-1.046
3412.2,0.144,2.556,71.804,0.0,,,,3.88,0.661,0.38,0.385,,
3412.4,0.143,2.549,71.748,0.0,,,,4.32,0.653,0.366,0.385,,
3412.5,,,,,6.5,,,,,,,-0.886,
3412.6,0.147,2.565,71.692,0.0,,,,3.51,0.684,0.39,0.389,,
3412.8,0.151,2.58,73.655,0.0,,,,3.32,0.696,0.39,0.393,,
3413.0,0.146,2.598,75.88,0.0,4.8,,,2.56,0.753,0.389,0.397,-0.959,
3413.2,0.142,2.616,75.169,0.0,,,,1.8,0.82,0.389,0.38,,
3413.4,0.122,2.635,71.137,0.0,,,,0.89,0.976,0.35,0.363,,
3413.5,,,,,2.1,,,,,,,-1.699,
3413.6,0.101,2.665,61.319,0.0,,,,0.31,1.0,0.283,0.346,,
3413.8,0.088,2.695,56.479,0.0,,,,0.0,1.0,0.239,0.328,,
3414.0,0.079,2.72,54.248,0.0,2.2,1.9,,0.0,1.0,0.212,0.31,-2.0,-2.0
3414.2,0.071,2.726,52.016,0.0,,,,0.0,1.0,0.183,0.299,,
3414.4,0.074,2.728,51.387,0.0,,,,0.0,1.0,0.193,0.288,,
3414.5,,,,,2.3,,,,,,,-1.699,
3414.6,0.077,2.731,50.758,0.0,,,,0.0,1.0,0.204,0.282,,
3414.8,0.091,2.742,50.129,0.0,,,,0.0,1.0,0.25,0.287,,
3415.0,0.104,2.741,52.943,0.0,2.0,,,0.5,1.0,0.252,0.291,-1.699,
3415.2,0.115,2.74,55.758,0.0,,,,1.0,0.763,0.254,0.311,,
3415.4,0.127,2.717,65.424,0.0,,,,1.6,0.706,0.272,0.331,,
3415.5,,,,,5.0,,,,,,,-0.959,
3415.6,0.142,2.694,72.618,0.0,,,,2.26,0.663,0.293,0.347,,
3415.8,0.157,2.663,74.075,0.0,,,,3.2,0.607,0.31,0.349,,
3416.0,0.159,2.632,71.499,0.0,5.3,5.1,,3.53,0.606,0.328,0.35,-1.0,-1.398
3416.2,0.16,2.609,70.404,0.0,,,,3.69,0.616,0.346,0.352,,
3416.4,0.152,2.598,69.31,0.0,,,,3.29,0.665,0.364,0.345,,
3416.5,,,,,4.4,,,,,,,-0.959,
3416.6,0.146,2.595,66.784,0.0,,,,2.99,0.698,0.373,0.338,,
3416.8,0.141,2.589,64.389,0.0,,,,2.7,0.732,0.382,0.332,,
3417.0,0.14,2.569,61.995,0.0,11.4,,,3.11,0.705,0.385,0.328,-0.252,
3417.2,0.139,2.552,59.478,0.0,,,,4.19,0.672,0.357,0.325,,
3417.4,0.136,2.534,59.406,0.0,,,,5.32,0.647,0.323,0.321,,
3417.5,,,,,10.3,,,,,,,-0.252,
3417.6,0.133,2.535,59.333,0.0,,,,5.33,0.665,0.315,0.32,,
3417.8,0.131,2.535,58.85,0.0,,,,5.35,0.68,0.309,0.318,,
3418.0,0.129,2.516,58.367,0.0,7.2,11.9,,6.53,0.663,0.274,0.317,-0.167,-0.108
3418.2,0.127,2.498,57.687,0.0,,,,7.7,0.648,0.24,0.315,,
3418.4,0.126,2.473,57.007,0.0,,,,9.28,0.613,0.194,0.314,,
3418.5,,,,,7.0,,,,,,,-1.046,
3418.6,0.122,2.461,56.768,0.0,,,,10.06,0.607,0.162,0.313,,
3418.8,0.12,2.467,56.53,0.0,,,,9.72,0.626,0.165,0.312,,
3419.0,0.119,2.473,57.347,0.0,10.3,,,9.35,0.632,0.17,0.363,-0.347,
3419.2,0.123,2.479,73.208,0.0,,,,8.93,0.626,0.192,0.457,,
3419.4,0.126,2.485,106.084,0.0,,,,8.52,0.608,0.215,0.474,,
3419.5,,,,,9.9,,,,,,,-0.456,
3419.6,0.132,2.512,131.946,0.0,,,,6.81,0.624,0.275,0.401,,
3419.8,0.128,2.536,79.942,0.0,,,,5.3,0.658,0.301,0.364,,
3420.0,0.12,2.547,70.908,0.0,12.0,12.2,,4.6,0.683,0.294,0.344,-0.155,-0.409
3420.2,0.114,2.545,61.874,0.0,,,,4.77,0.687,0.271,0.325,,
3420.4,0.112,2.543,61.524,0.0,,,,4.91,0.678,0.259,0.32,,
3420.5,,,,,10.3,,,,,,,-0.495,
3420.6,0.117,2.543,61.174,0.0,,,,4.88,0.662,0.276,0.315,,
3420.8,0.13,2.543,61.879,0.0,,,,4.81,0.622,0.32,0.309,,
3421.0,0.147,2.555,62.584,0.0,9.4,,,4.19,0.62,0.374,0.304,-0.569,
3421.2,0.152,2.568,63.289,0.0,,,,3.94,0.644,0.381,0.301,,
3421.4,0.147,2.576,64.828,0.0,,,,3.17,0.709,0.392,0.297,,
3421.5,,,,,6.6,,,,,,,-1.046,
3421.6,0.144,2.572,65.618,0.0,,,,2.99,0.729,0.398,0.293,,
3421.8,0.152,2.569,66.408,0.0,,,,3.53,0.692,0.398,0.288,,
3422.0,0.16,2.559,66.768,0.0,10.0,9.9,,4.41,0.628,0.391,0.284,-0.553,-1.046
3422.2,0.169,2.582,65.554,0.0,,,,4.24,0.628,0.383,0.279,,
3422.4,0.174,2.618,63.562,0.0,,,,3.78,0.647,0.376,0.273,,
3422.5,,,,,11.0,,,,,,,-0.796,
3422.6,0.158,2.664,58.377,0.0,,,,2.11,0.763,0.367,0.268,,
3422.8,0.148,2.711,52.507,0.0,,,,1.16,0.849,0.356,0.263,,
3423.0,0.159,2.733,51.378,0.0,2.6,,,1.36,0.813,0.345,0.262,-2.0,
3423.2,0.169,2.726,58.072,0.0,,,,2.01,0.741,0.34,0.262,,
3423.4,0.174,2.665,61.63,0.0,,,,3.59,0.61,0.335,0.261,,
3423.5,,,,,9.5,,,,,,,-0.796,
3423.6,0.158,2.603,61.937,0.0,,,,3.89,0.592,0.336,0.26,,
3423.8,0.147,2.57,62.244,0.0,,,,4.49,0.557,0.336,0.262,,
3424.0,0.152,2.577,62.551,0.0,6.0,5.1,,4.48,0.558,0.336,0.263,-1.097,-1.301
3424.2,0.164,2.584,62.573,0.0,,,,4.64,0.557,0.343,0.265,,
3424.4,0.17,2.595,66.071,0.0,,,,4.52,0.57,0.348,0.284,,
3424.5,,,,,4.5,,,,,,,-1.155,
3424.6,0.176,2.605,67.679,0.0,,,,4.63,0.569,0.352,0.29,,
3424.8,0.159,2.607,69.287,0.0,,,,3.46,0.641,0.354,0.297,,
3425.0,0.147,2.592,69.862,0.0,4.9,,,3.41,0.647,0.356,0.303,-0.854,
3425.2,0.147,2.577,71.987,0.0,,,,3.86,0.621,0.358,0.311,,
3425.4,0.169,2.581,75.735,0.0,,,,4.69,0.576,0.361,0.32,,
3425.5,,,,,8.3,,,,,,,-1.046,
3425.6,0.19,2.616,79.803,0.0,,,,4.92,0.567,0.364,0.323,,
3425.8,0.2,2.647,80.388,0.0,,,,4.64,0.584,0.365,0.327,,
3426.0,0.191,2.632,75.27,0.0,4.8,4.6,,4.62,0.587,0.366,0.318,-1.155,-1.301
3426.2,0.183,2.617,77.122,0.0,,,,4.49,0.595,0.368,0.33,,
3426.4,0.181,2.602,83.019,0.0,,,,4.73,0.579,0.365,0.342,,
3426.5,,,,,7.5,,,,,,,-1.0,
3426.6,0.179,2.588,85.63,0.0,,,,4.97,0.564,0.363,0.341,,
3426.8,0.17,2.591,85.302,0.0,,,,4.4,0.591,0.36,0.34,,
3427.0,0.156,2.607,84.975,25.0,5.2,,,3.37,0.648,0.355,0.337,-1.301,
3427.2,0.166,2.629,81.61,25.0,,,,3.53,0.634,0.352,0.335,,
3427.4,0.181,2.624,78.399,25.0,,,,4.5,0.577,0.353,0.332,,
3427.5,,,,,8.6,,,,,,,-0.854,
3427.6,0.18,2.62,79.305,25.0,,,,4.52,0.577,0.354,0.331,,
3427.8,0.179,2.608,79.948,25.0,,,,4.7,0.569,0.356,0.33,,
3428.0,0.175,2.603,77.145,25.0,9.3,9.5,,4.49,0.582,0.357,0.329,-0.921,-1.097
3428.2,0.171,2.605,77.658,25.0,,,,4.11,0.608,0.361,0.333,,
3428.4,0.18,2.607,78.17,25.0,,,,4.59,0.585,0.364,0.337,,
3428.5,,,,,7.0,,,,,,,,
3428.6,0.183,2.6,77.671,25.0,,,,4.86,0.576,0.368,0.34,,
3428.8,0.186,2.592,77.171,25.0,,,,5.19,0.559,0.367,0.336,,
3429.0,0.189,2.577,72.805,25.0,9.1,,,5.69,0.535,0.367,0.331,-0.886,
3429.2,0.188,2.565,69.637,25.0,,,,5.96,0.523,0.367,0.331,,
3429.4,0.187,2.581,73.431,25.0,,,,5.55,0.54,0.366,0.331,,
3429.5,,,,,6.1,,,,,,,-1.155,
3429.6,0.192,2.601,74.562,25.0,,,,5.35,0.549,0.366,0.331,,
3429.8,0.197,2.608,75.692,25.0,,,,5.42,0.545,0.365,0.331,,
3430.0,0.204,2.615,76.823,25.0,5.6,5.5,,5.54,0.539,0.365,0.33,-1.046,-1.699
3430.2,0.195,2.617,76.689,25.0,,,,5.14,0.558,0.365,0.33,,
3430.4,0.187,2.607,76.555,25.0,,,,4.95,0.568,0.365,0.323,,
3430.5,,,,,9.2,,,,,,,-0.854,
3430.6,0.175,2.597,76.42,25.0,,,,4.38,0.601,0.368,0.32,,
3430.8,0.191,2.608,77.246,25.0,,,,5.07,0.567,0.37,0.316,,
3431.0,0.22,2.618,78.072,25.0,6.4,,,6.07,0.526,0.374,0.314,-0.959,
3431.2,0.25,2.632,79.155,0.0,,,,7.18,0.487,0.377,0.312,,
3431.4,0.249,2.646,80.237,0.0,,,,6.72,0.509,0.381,0.309,,
3431.5,,,,,7.2,,,,,,,,
3431.6,0.24,2.654,80.611,0.0,,,,6.06,0.538,0.384,0.307,,
3431.8,0.23,2.648,80.984,0.0,,,,5.72,0.556,0.386,0.301,,
3432.0,0.229,2.642,81.357,0.0,4.9,5.2,,5.83,0.55,0.385,0.294,-1.097,-1.699
3432.2,0.228,2.635,83.642,0.0,,,,5.96,0.544,0.385,0.293,,
3432.4,0.232,2.623,85.928,0.0,,,,6.48,0.522,0.384,0.292,,
3432.5,,,,,7.2,,,,,,,-1.046,
3432.6,0.236,2.611,88.261,0.0,,,,6.86,0.513,0.39,0.29,,
3432.8,0.24,2.613,85.534,0.0,,,,6.92,0.517,0.395,0.277,,
3433.0,0.248,2.614,83.419,0.0,5.1,,,7.22,0.512,0.4,0.263,-1.398,
3433.2,0.248,2.614,81.303,0.0,,,,7.09,0.522,0.405,0.25,,
3433.4,0.247,2.626,76.361,0.0,,,,6.68,0.544,0.409,0.236,,
3433.5,,,,,6.5,,,,,,,-0.194,
3433.6,0.218,2.638,67.779,0.0,,,,4.73,0.641,0.414,0.2,,
3433.8,0.196,2.643,60.044,0.0,,,,3.5,0.728,0.424,0.152,,
3434.0,0.197,2.63,52.328,0.0,11.6,7.1,,3.63,0.734,0.432,0.141,0.041,-0.523
3434.2,0.184,2.614,52.374,0.0,,,,3.39,0.798,0.428,0.137,,
3434.4,0.172,2.579,52.568,0.0,,,,4.66,0.819,0.376,0.133,,
3434.5,,,,,12.6,,,,,,,1.093,
3434.6,0.161,2.541,48.917,0.0,,,,6.27,0.817,0.324,0.128,,
3434.8,0.161,2.503,41.033,0.0,,,,8.55,0.784,0.261,0.114,,
3435.0,0.16,2.47,34.848,0.0,14.5,,,9.84,0.766,0.248,0.11,1.176,
3435.2,0.159,2.462,33.663,0.0,,,,10.32,0.784,0.235,0.106,,
3435.4,0.145,2.453,33.156,0.0,,,,10.39,0.811,0.215,0.104,,
3435.5,,,,,18.4,,,,,,,0.539,
3435.6,0.131,2.454,32.65,0.0,,,,10.39,0.863,0.178,0.102,,
3435.8,0.112,2.456,32.143,0.0,,,,10.45,0.906,0.119,0.1,,
3436.0,0.095,2.487,36.581,0.0,10.6,11.5,,8.67,1.0,0.115,0.109,0.114,0.199
3436.2,0.117,2.594,42.788,0.0,,,,3.45,1.0,0.27,0.123,,
3436.4,0.147,2.712,52.876,0.0,,,,1.02,1.0,0.36,0.13,,
3436.5,,,,,2.6,,,,,,,-2.0,
3436.6,0.178,2.755,55.3,0.0,,,,0.15,1.0,0.455,0.137,,
3436.8,0.196,2.751,57.723,0.0,,,,0.5,1.0,0.469,0.157,,
3436.9,,,,,3.3,,,,,,,,
3437.0,0.252,2.724,67.958,0.0,,,,3.03,0.839,0.477,0.178,,
3437.2,0.269,2.688,86.636,0.0,,,,4.47,0.756,0.485,0.206,,
3437.4,0.262,2.693,94.017,0.0,,,,3.93,0.799,0.492,0.206,,
3437.5,,,,,3.7,,,,,,,-2.0,
3437.6,0.255,2.697,88.161,0.0,,,,3.43,0.843,0.498,0.206,,
3437.8,0.233,2.698,84.844,0.0,,,,2.26,0.932,0.516,0.207,,
3438.0,0.235,2.661,81.527,0.0,8.4,9.6,,2.85,0.877,0.536,0.196,-0.108,-0.081
3438.2,0.213,2.618,78.36,0.0,,,,2.09,0.929,0.557,0.184,,
3438.4,0.188,2.569,65.712,0.0,,,,4.11,0.898,0.467,0.173,,
3438.5,,,,,12.9,,,,,,,1.558,
3438.6,0.163,2.535,52.175,0.0,,,,7.03,0.913,0.295,0.142,,
3438.8,0.162,2.496,44.481,0.0,,,,10.28,0.856,0.178,0.127,,
3439.0,0.152,2.456,36.788,0.0,16.3,,,11.5,0.822,0.163,0.113,1.236,
3439.2,0.142,2.427,33.605,0.0,,,,12.01,0.813,0.167,0.108,,
3439.4,0.132,2.431,33.044,0.0,,,,11.83,0.88,0.143,0.103,,
3439.5,,,,,16.9,,,,,,,1.179,
3439.6,0.135,2.423,32.484,0.0,,,,12.3,0.888,0.14,0.098,,
3439.8,0.155,2.408,31.923,0.0,,,,13.09,0.856,0.17,0.1,,
3440.0,0.176,2.4,37.45,0.0,17.4,18.4,5.0,13.42,0.83,0.226,0.103,1.465,1.529
3440.2,0.228,2.432,42.976,0.0,,,,11.04,0.817,0.433,0.134,,
3440.4,0.271,2.528,67.45,0.0,,,,4.81,0.976,0.709,0.164,,
3440.6,0.292,2.597,84.343,0.0,,,,0.34,1.0,0.894,0.241,,
3440.8,0.312,2.628,95.875,0.0,,,,0.0,1.0,0.95,0.259,,
3441.0,0.319,2.66,98.498,0.0,,,,0.0,1.0,0.965,0.27,,
3441.2,0.312,2.688,101.121,0.0,,,,0.0,1.0,0.949,0.281,,
3441.4,0.301,2.713,104.029,0.0,,,,0.0,1.0,0.923,0.292,,
3441.6,0.306,2.679,106.937,0.0,,,,0.0,1.0,0.936,0.298,,
3441.8,0.319,2.638,108.934,0.0,,,,0.0,1.0,0.966,0.305,,
3442.0,0.331,2.634,108.161,0.0,,,,0.0,1.0,1.0,0.299,,
3442.2,0.332,2.634,107.388,26.0,,,,0.0,1.0,1.0,0.292,,
3442.4,0.333,2.634,105.279,26.0,,,,0.0,1.0,1.0,0.286,,
3442.6,0.331,2.625,105.506,26.0,,,,0.0,1.0,1.0,0.284,,
3442.8,0.329,2.615,105.734,26.0,,,,0.0,1.0,1.0,0.282,,
3443.0,0.326,2.612,105.456,26.0,,,,0.0,1.0,0.994,0.28,,
3443.2,0.327,2.609,105.178,26.0,,,,0.0,1.0,0.995,0.288,,
3443.4,0.326,2.608,106.05,26.0,,,,0.0,1.0,0.99,0.295,,
3443.6,0.324,2.625,106.922,26.0,,,,0.0,1.0,0.985,0.303,,
3443.8,0.325,2.641,108.127,26.0,,,,0.0,1.0,0.988,0.311,,
3444.0,0.325,2.66,109.332,26.0,,,,0.0,1.0,0.99,0.313,,
3444.2,0.324,2.634,108.517,26.0,,,,0.0,1.0,0.984,0.315,,
3444.4,0.322,2.616,107.702,26.0,,,,0.0,1.0,0.979,0.317,,
3444.6,0.321,2.615,106.887,26.0,,,,0.0,1.0,0.973,0.319,,
3444.8,0.325,2.614,106.482,26.0,,,,0.0,1.0,0.989,0.316,,
3445.0,0.33,2.612,106.078,26.0,,,,0.0,1.0,1.0,0.313,,
3445.2,0.333,2.611,105.674,26.0,,,,0.0,1.0,1.0,0.31,,
3445.4,0.337,2.627,105.269,26.0,,,,0.0,1.0,1.0,0.306,,
3445.6,0.336,2.643,107.015,26.0,,,,0.0,1.0,1.0,0.306,,
3445.8,0.336,2.66,108.762,26.0,,,,0.0,1.0,1.0,0.307,,
3446.0,0.34,2.657,108.897,26.0,,,,0.0,1.0,1.0,0.307,,
3446.2,0.357,2.626,109.033,26.0,,,,0.0,1.0,1.0,0.303,,
3446.4,0.362,2.631,108.064,26.0,,,,0.0,1.0,1.0,0.299,,
3446.6,0.35,2.623,107.094,26.0,,,,0.0,1.0,1.0,0.305,,
3446.8,0.337,2.616,108.776,26.0,,,,0.0,1.0,1.0,0.31,,
3447.0,0.336,2.606,110.459,26.0,,,,0.0,1.0,1.0,0.315,,
